pair_key,substance_a_id,substance_b_id,exact_chunk_count,class_level_chunk_count,total_chunk_count,source_count,source_ids,source_titles,exact_chunk_ids,class_level_chunk_ids,all_chunk_ids
alcohol|alcohol,alcohol,alcohol,0,0,0,0,,,,,
alcohol|amphetamine_stims,alcohol,amphetamine_stims,5,0,5,2,cohen_2021;rached_2026,Concomitant drugs associated with increased mortality for MDMA users reported in a drug safety surveillance database | Safety and efficacy of monoamine oxidase inhibitors in patients who use psychoactive substances,cohen_2021::chunk::1fbe6f25d058;cohen_2021::chunk::68ad620e4828;cohen_2021::chunk::bbefec5b8cb7;rached_2026::chunk::89e8183c85b8;rached_2026::chunk::f0b8f4bd20a9,,cohen_2021::chunk::1fbe6f25d058;cohen_2021::chunk::68ad620e4828;cohen_2021::chunk::bbefec5b8cb7;rached_2026::chunk::89e8183c85b8;rached_2026::chunk::f0b8f4bd20a9
alcohol|antihypertensives,alcohol,antihypertensives,0,0,0,0,,,,,
alcohol|antipsychotics,alcohol,antipsychotics,1,1,2,2,cohen_2021;halman_2024,Concomitant drugs associated with increased mortality for MDMA users reported in a drug safety surveillance database | Drug-drug interactions involving classic psychedelics: A systematic review,cohen_2021::chunk::bbefec5b8cb7,halman_2024::chunk::567a1313706a,cohen_2021::chunk::bbefec5b8cb7;halman_2024::chunk::567a1313706a
alcohol|atypical_ad,alcohol,atypical_ad,0,0,0,0,,,,,
alcohol|ayahuasca,ayahuasca,alcohol,1,19,20,3,malcolm_2023;ruffell_2020;ruffell_2023,"Ayahuasca and Drug Interaction: The Good, the Bad, and the Soul | Ayahuasca: A review of historical, pharmacological, and therapeutic aspects | The pharmacological interaction of compounds in ayahuasca: a systematic review",ruffell_2023::chunk::ae332f5b19b5,malcolm_2023::chunk::7f4b184834c1;malcolm_2023::chunk::9dfa64780b09;malcolm_2023::chunk::b08b385b2756;malcolm_2023::chunk::d8148a2d31f5;ruffell_2020::chunk::4d81ee9141cb;ruffell_2020::chunk::62003914ce28;ruffell_2020::chunk::a4850c6e2767;ruffell_2020::chunk::b04afb49b95d;ruffell_2020::chunk::c9dff5ca1f0d;ruffell_2020::chunk::e8d5573b16a8;ruffell_2023::chunk::0b7f36d19a2e;ruffell_2023::chunk::0e15604b8ed4;ruffell_2023::chunk::0eebffeda8b5;ruffell_2023::chunk::18a36bc3f3a4;ruffell_2023::chunk::32fb906025f6;ruffell_2023::chunk::50c6242e77d9;ruffell_2023::chunk::52213b64ffee;ruffell_2023::chunk::9603179454b2;ruffell_2023::chunk::e9b72429f8eb,malcolm_2023::chunk::7f4b184834c1;malcolm_2023::chunk::9dfa64780b09;malcolm_2023::chunk::b08b385b2756;malcolm_2023::chunk::d8148a2d31f5;ruffell_2020::chunk::4d81ee9141cb;ruffell_2020::chunk::62003914ce28;ruffell_2020::chunk::a4850c6e2767;ruffell_2020::chunk::b04afb49b95d;ruffell_2020::chunk::c9dff5ca1f0d;ruffell_2020::chunk::e8d5573b16a8;ruffell_2023::chunk::0b7f36d19a2e;ruffell_2023::chunk::0e15604b8ed4;ruffell_2023::chunk::0eebffeda8b5;ruffell_2023::chunk::18a36bc3f3a4;ruffell_2023::chunk::32fb906025f6;ruffell_2023::chunk::50c6242e77d9;ruffell_2023::chunk::52213b64ffee;ruffell_2023::chunk::9603179454b2;ruffell_2023::chunk::ae332f5b19b5;ruffell_2023::chunk::e9b72429f8eb
alcohol|belladonna,belladonna,alcohol,0,0,0,0,,,,,
alcohol|benzodiazepines,alcohol,benzodiazepines,5,0,5,3,baldo_2018;cohen_2021;rached_2026,Concomitant drugs associated with increased mortality for MDMA users reported in a drug safety surveillance database | Opioid analgesic drugs and serotonin toxicity syndrome_mechanisms animal models and links to clinical effects | Safety and efficacy of monoamine oxidase inhibitors in patients who use psychoactive substances,baldo_2018::chunk::c14c112d9f6d;cohen_2021::chunk::1fbe6f25d058;cohen_2021::chunk::68ad620e4828;cohen_2021::chunk::bbefec5b8cb7;rached_2026::chunk::89e8183c85b8,,baldo_2018::chunk::c14c112d9f6d;cohen_2021::chunk::1fbe6f25d058;cohen_2021::chunk::68ad620e4828;cohen_2021::chunk::bbefec5b8cb7;rached_2026::chunk::89e8183c85b8
alcohol|beta_blockers,alcohol,beta_blockers,1,0,1,1,barnett_2025,"Hypertensive Emergency Secondary to Combining Psilocybin Mushrooms, Extended Release Dextroamphetamine-Amphetamine, and Tranylcypromine",barnett_2025::chunk::0de876d321a0,,barnett_2025::chunk::0de876d321a0
alcohol|beta_blockers_ccb,alcohol,beta_blockers_ccb,0,0,0,0,,,,,
alcohol|brugmansia,brugmansia,alcohol,0,0,0,0,,,,,
alcohol|calcium_channel_blockers,alcohol,calcium_channel_blockers,0,0,0,0,,,,,
alcohol|cannabis,cannabis,alcohol,5,0,5,4,barnett_2025;cohen_2021;lindsey_2012;rached_2026,"Concomitant drugs associated with increased mortality for MDMA users reported in a drug safety surveillance database | Drug Interactions between Common Illicit Drugs and Prescription Therapies | Hypertensive Emergency Secondary to Combining Psilocybin Mushrooms, Extended Release Dextroamphetamine-Amphetamine, and Tranylcypromine | Safety and efficacy of monoamine oxidase inhibitors in patients who use psychoactive substances",barnett_2025::chunk::0de876d321a0;cohen_2021::chunk::1fbe6f25d058;cohen_2021::chunk::68ad620e4828;lindsey_2012::chunk::6d1b8e28126d;rached_2026::chunk::89e8183c85b8,,barnett_2025::chunk::0de876d321a0;cohen_2021::chunk::1fbe6f25d058;cohen_2021::chunk::68ad620e4828;lindsey_2012::chunk::6d1b8e28126d;rached_2026::chunk::89e8183c85b8
alcohol|clonidine,alcohol,clonidine,0,0,0,0,,,,,
alcohol|clonidine_guanfacine,alcohol,clonidine_guanfacine,0,0,0,0,,,,,
alcohol|cocaine,alcohol,cocaine,3,0,3,3,knuijver_2020;rached_2026;ruffell_2023,"Ayahuasca: A review of historical, pharmacological, and therapeutic aspects | Safety and efficacy of monoamine oxidase inhibitors in patients who use psychoactive substances | Safety of ibogaine administration in detoxification of opioid-dependent individuals: a descriptive open-label observational study",knuijver_2020::chunk::b7bbfb76393a;rached_2026::chunk::f0b8f4bd20a9;ruffell_2023::chunk::ae332f5b19b5,,knuijver_2020::chunk::b7bbfb76393a;rached_2026::chunk::f0b8f4bd20a9;ruffell_2023::chunk::ae332f5b19b5
alcohol|dox,alcohol,dox,0,0,0,0,,,,,
alcohol|five_meo_dmt,five_meo_dmt,alcohol,0,0,0,0,,,,,
alcohol|guanfacine,alcohol,guanfacine,0,0,0,0,,,,,
alcohol|iboga,alcohol,iboga,1,0,1,1,knuijver_2020,Safety of ibogaine administration in detoxification of opioid-dependent individuals: a descriptive open-label observational study,knuijver_2020::chunk::b7bbfb76393a,,knuijver_2020::chunk::b7bbfb76393a
alcohol|kambo,kambo,alcohol,0,0,0,0,,,,,
alcohol|ketamine,alcohol,ketamine,0,0,0,0,,,,,
alcohol|lamotrigine,alcohol,lamotrigine,0,0,0,0,,,,,
alcohol|lithium,alcohol,lithium,0,1,1,1,gillman_2023,Monoamine oxidase inhibitors and clinically relevant drug interactions,,gillman_2023::chunk::12fd6d056da6,gillman_2023::chunk::12fd6d056da6
alcohol|lsd,lsd,alcohol,0,3,3,2,halman_2024;schmid_2015_a,"Drug-drug interactions involving classic psychedelics: A systematic review | Interactions between bupropion and 3,4-methylenedioxymethamphetamine in healthy subjects",,halman_2024::chunk::4400ec57461e;halman_2024::chunk::dfd1bb7a18b8;schmid_2015_a::chunk::ffa7efc60709,halman_2024::chunk::4400ec57461e;halman_2024::chunk::dfd1bb7a18b8;schmid_2015_a::chunk::ffa7efc60709
alcohol|maoi_pharma,alcohol,maoi_pharma,7,14,21,4,barnett_2025;gillman_2023;malcolm_2023;rached_2026,"Ayahuasca and Drug Interaction: The Good, the Bad, and the Soul | Hypertensive Emergency Secondary to Combining Psilocybin Mushrooms, Extended Release Dextroamphetamine-Amphetamine, and Tranylcypromine | Monoamine oxidase inhibitors and clinically relevant drug interactions | Safety and efficacy of monoamine oxidase inhibitors in patients who use psychoactive substances",barnett_2025::chunk::0de876d321a0;rached_2026::chunk::3fba106ab3fb;rached_2026::chunk::6c94de831618;rached_2026::chunk::85566b10b1c0;rached_2026::chunk::89e8183c85b8;rached_2026::chunk::e1501678f2e5;rached_2026::chunk::f0b8f4bd20a9,gillman_2023::chunk::530406309c44;gillman_2023::chunk::6631e88f6197;gillman_2023::chunk::738ca8bf9095;gillman_2023::chunk::84c1833df1a8;gillman_2023::chunk::91378615dfb3;gillman_2023::chunk::91c975178a34;gillman_2023::chunk::9a2e9c712d52;gillman_2023::chunk::a135d87c557e;gillman_2023::chunk::b8d66db543c2;gillman_2023::chunk::df51155c5328;gillman_2023::chunk::fdb36125c7b2;malcolm_2023::chunk::0a92fbaae0fa;malcolm_2023::chunk::c4baa8d977e4;malcolm_2023::chunk::d5c39ea43721,barnett_2025::chunk::0de876d321a0;gillman_2023::chunk::530406309c44;gillman_2023::chunk::6631e88f6197;gillman_2023::chunk::738ca8bf9095;gillman_2023::chunk::84c1833df1a8;gillman_2023::chunk::91378615dfb3;gillman_2023::chunk::91c975178a34;gillman_2023::chunk::9a2e9c712d52;gillman_2023::chunk::a135d87c557e;gillman_2023::chunk::b8d66db543c2;gillman_2023::chunk::df51155c5328;gillman_2023::chunk::fdb36125c7b2;malcolm_2023::chunk::0a92fbaae0fa;malcolm_2023::chunk::c4baa8d977e4;malcolm_2023::chunk::d5c39ea43721;rached_2026::chunk::3fba106ab3fb;rached_2026::chunk::6c94de831618;rached_2026::chunk::85566b10b1c0;rached_2026::chunk::89e8183c85b8;rached_2026::chunk::e1501678f2e5;rached_2026::chunk::f0b8f4bd20a9
alcohol|mdma,alcohol,mdma,5,4,9,3,cohen_2021;rached_2026;schmid_2015_a,"Concomitant drugs associated with increased mortality for MDMA users reported in a drug safety surveillance database | Interactions between bupropion and 3,4-methylenedioxymethamphetamine in healthy subjects | Safety and efficacy of monoamine oxidase inhibitors in patients who use psychoactive substances",cohen_2021::chunk::1fbe6f25d058;cohen_2021::chunk::68ad620e4828;cohen_2021::chunk::bbefec5b8cb7;rached_2026::chunk::89e8183c85b8;rached_2026::chunk::f0b8f4bd20a9,schmid_2015_a::chunk::18b3b805afe9;schmid_2015_a::chunk::521b031e4bf9;schmid_2015_a::chunk::9851c738946f;schmid_2015_a::chunk::e53d49d98afa,cohen_2021::chunk::1fbe6f25d058;cohen_2021::chunk::68ad620e4828;cohen_2021::chunk::bbefec5b8cb7;rached_2026::chunk::89e8183c85b8;rached_2026::chunk::f0b8f4bd20a9;schmid_2015_a::chunk::18b3b805afe9;schmid_2015_a::chunk::521b031e4bf9;schmid_2015_a::chunk::9851c738946f;schmid_2015_a::chunk::e53d49d98afa
alcohol|mescaline_peyote,mescaline_peyote,alcohol,0,0,0,0,,,,,
alcohol|methylphenidate,alcohol,methylphenidate,0,0,0,0,,,,,
alcohol|nbome_series,alcohol,nbome_series,0,0,0,0,,,,,
alcohol|ndri_bupropion,alcohol,ndri_bupropion,1,4,5,2,cohen_2021;schmid_2015_a,"Concomitant drugs associated with increased mortality for MDMA users reported in a drug safety surveillance database | Interactions between bupropion and 3,4-methylenedioxymethamphetamine in healthy subjects",cohen_2021::chunk::bbefec5b8cb7,schmid_2015_a::chunk::237b11fcaa84;schmid_2015_a::chunk::45217f0ffa73;schmid_2015_a::chunk::7e2a245a8130;schmid_2015_a::chunk::9519a6b13019,cohen_2021::chunk::bbefec5b8cb7;schmid_2015_a::chunk::237b11fcaa84;schmid_2015_a::chunk::45217f0ffa73;schmid_2015_a::chunk::7e2a245a8130;schmid_2015_a::chunk::9519a6b13019
alcohol|nn_dmt,nn_dmt,alcohol,0,5,5,2,malcolm_2023;ruffell_2020,"Ayahuasca and Drug Interaction: The Good, the Bad, and the Soul | The pharmacological interaction of compounds in ayahuasca: a systematic review",,malcolm_2023::chunk::c115fff54eba;ruffell_2020::chunk::2e4b273d12f3;ruffell_2020::chunk::3b2fd0f128a6;ruffell_2020::chunk::52ffeca03d9f;ruffell_2020::chunk::c72b2f73e595,malcolm_2023::chunk::c115fff54eba;ruffell_2020::chunk::2e4b273d12f3;ruffell_2020::chunk::3b2fd0f128a6;ruffell_2020::chunk::52ffeca03d9f;ruffell_2020::chunk::c72b2f73e595
alcohol|psilocybin,alcohol,psilocybin,2,1,3,3,barnett_2025;halman_2024;rached_2026,"Drug-drug interactions involving classic psychedelics: A systematic review | Hypertensive Emergency Secondary to Combining Psilocybin Mushrooms, Extended Release Dextroamphetamine-Amphetamine, and Tranylcypromine | Safety and efficacy of monoamine oxidase inhibitors in patients who use psychoactive substances",barnett_2025::chunk::0de876d321a0;rached_2026::chunk::f0b8f4bd20a9,halman_2024::chunk::3034cb6a7fd1,barnett_2025::chunk::0de876d321a0;halman_2024::chunk::3034cb6a7fd1;rached_2026::chunk::f0b8f4bd20a9
alcohol|salvia,salvia,alcohol,0,0,0,0,,,,,
alcohol|serotonergic_opioids,alcohol,serotonergic_opioids,7,0,7,3,baldo_2018;cohen_2021;rached_2026,Concomitant drugs associated with increased mortality for MDMA users reported in a drug safety surveillance database | Opioid analgesic drugs and serotonin toxicity syndrome_mechanisms animal models and links to clinical effects | Safety and efficacy of monoamine oxidase inhibitors in patients who use psychoactive substances,baldo_2018::chunk::a83fe96ad5f9;baldo_2018::chunk::c14c112d9f6d;cohen_2021::chunk::1fbe6f25d058;cohen_2021::chunk::68ad620e4828;cohen_2021::chunk::bbefec5b8cb7;rached_2026::chunk::89e8183c85b8;rached_2026::chunk::f0b8f4bd20a9,,baldo_2018::chunk::a83fe96ad5f9;baldo_2018::chunk::c14c112d9f6d;cohen_2021::chunk::1fbe6f25d058;cohen_2021::chunk::68ad620e4828;cohen_2021::chunk::bbefec5b8cb7;rached_2026::chunk::89e8183c85b8;rached_2026::chunk::f0b8f4bd20a9
alcohol|snri,alcohol,snri,1,0,1,1,cohen_2021,Concomitant drugs associated with increased mortality for MDMA users reported in a drug safety surveillance database,cohen_2021::chunk::bbefec5b8cb7,,cohen_2021::chunk::bbefec5b8cb7
alcohol|ssri,alcohol,ssri,1,0,1,1,cohen_2021,Concomitant drugs associated with increased mortality for MDMA users reported in a drug safety surveillance database,cohen_2021::chunk::bbefec5b8cb7,,cohen_2021::chunk::bbefec5b8cb7
alcohol|tobacco_rape,tobacco_rape,alcohol,2,1,3,3,cohen_2021;rached_2026;schmid_2015_a,"Concomitant drugs associated with increased mortality for MDMA users reported in a drug safety surveillance database | Interactions between bupropion and 3,4-methylenedioxymethamphetamine in healthy subjects | Safety and efficacy of monoamine oxidase inhibitors in patients who use psychoactive substances",cohen_2021::chunk::1fbe6f25d058;rached_2026::chunk::89e8183c85b8,schmid_2015_a::chunk::39c967e598af,cohen_2021::chunk::1fbe6f25d058;rached_2026::chunk::89e8183c85b8;schmid_2015_a::chunk::39c967e598af
alcohol|tricyclic_ad,alcohol,tricyclic_ad,0,0,0,0,,,,,
alcohol|two_c_x,alcohol,two_c_x,0,0,0,0,,,,,
alcohol|yopo,yopo,alcohol,0,0,0,0,,,,,
amphetamine_stims|amphetamine_stims,amphetamine_stims,amphetamine_stims,0,0,0,0,,,,,
amphetamine_stims|antihypertensives,amphetamine_stims,antihypertensives,0,0,0,0,,,,,
amphetamine_stims|antipsychotics,amphetamine_stims,antipsychotics,3,1,4,4,cohen_2021;halman_2024;liechti_2014;sarparast_2022,Concomitant drugs associated with increased mortality for MDMA users reported in a drug safety surveillance database | Drug-drug interactions between psychiatric medications and MDMA or psilocybin | Drug-drug interactions involving classic psychedelics: A systematic review | Effects of MDMA on body temperature in humans,cohen_2021::chunk::bbefec5b8cb7;liechti_2014::chunk::cd95581ced7b;sarparast_2022::chunk::d99d01a7a274,halman_2024::chunk::567a1313706a,cohen_2021::chunk::bbefec5b8cb7;halman_2024::chunk::567a1313706a;liechti_2014::chunk::cd95581ced7b;sarparast_2022::chunk::d99d01a7a274
amphetamine_stims|atypical_ad,atypical_ad,amphetamine_stims,0,0,0,0,,,,,
amphetamine_stims|ayahuasca,ayahuasca,amphetamine_stims,0,19,19,3,malcolm_2023;ruffell_2020;ruffell_2023,"Ayahuasca and Drug Interaction: The Good, the Bad, and the Soul | Ayahuasca: A review of historical, pharmacological, and therapeutic aspects | The pharmacological interaction of compounds in ayahuasca: a systematic review",,malcolm_2023::chunk::7f4b184834c1;malcolm_2023::chunk::9dfa64780b09;malcolm_2023::chunk::b08b385b2756;malcolm_2023::chunk::d8148a2d31f5;ruffell_2020::chunk::4d81ee9141cb;ruffell_2020::chunk::62003914ce28;ruffell_2020::chunk::a4850c6e2767;ruffell_2020::chunk::b04afb49b95d;ruffell_2020::chunk::c9dff5ca1f0d;ruffell_2020::chunk::e8d5573b16a8;ruffell_2023::chunk::0b7f36d19a2e;ruffell_2023::chunk::0e15604b8ed4;ruffell_2023::chunk::0eebffeda8b5;ruffell_2023::chunk::18a36bc3f3a4;ruffell_2023::chunk::32fb906025f6;ruffell_2023::chunk::50c6242e77d9;ruffell_2023::chunk::52213b64ffee;ruffell_2023::chunk::9603179454b2;ruffell_2023::chunk::e9b72429f8eb,malcolm_2023::chunk::7f4b184834c1;malcolm_2023::chunk::9dfa64780b09;malcolm_2023::chunk::b08b385b2756;malcolm_2023::chunk::d8148a2d31f5;ruffell_2020::chunk::4d81ee9141cb;ruffell_2020::chunk::62003914ce28;ruffell_2020::chunk::a4850c6e2767;ruffell_2020::chunk::b04afb49b95d;ruffell_2020::chunk::c9dff5ca1f0d;ruffell_2020::chunk::e8d5573b16a8;ruffell_2023::chunk::0b7f36d19a2e;ruffell_2023::chunk::0e15604b8ed4;ruffell_2023::chunk::0eebffeda8b5;ruffell_2023::chunk::18a36bc3f3a4;ruffell_2023::chunk::32fb906025f6;ruffell_2023::chunk::50c6242e77d9;ruffell_2023::chunk::52213b64ffee;ruffell_2023::chunk::9603179454b2;ruffell_2023::chunk::e9b72429f8eb
amphetamine_stims|belladonna,belladonna,amphetamine_stims,0,0,0,0,,,,,
amphetamine_stims|benzodiazepines,amphetamine_stims,benzodiazepines,4,0,4,2,cohen_2021;rached_2026,Concomitant drugs associated with increased mortality for MDMA users reported in a drug safety surveillance database | Safety and efficacy of monoamine oxidase inhibitors in patients who use psychoactive substances,cohen_2021::chunk::1fbe6f25d058;cohen_2021::chunk::68ad620e4828;cohen_2021::chunk::bbefec5b8cb7;rached_2026::chunk::89e8183c85b8,,cohen_2021::chunk::1fbe6f25d058;cohen_2021::chunk::68ad620e4828;cohen_2021::chunk::bbefec5b8cb7;rached_2026::chunk::89e8183c85b8
amphetamine_stims|beta_blockers,amphetamine_stims,beta_blockers,2,0,2,1,lindsey_2012,Drug Interactions between Common Illicit Drugs and Prescription Therapies,lindsey_2012::chunk::22a1efbbd284;lindsey_2012::chunk::5157e31148e1,,lindsey_2012::chunk::22a1efbbd284;lindsey_2012::chunk::5157e31148e1
amphetamine_stims|beta_blockers_ccb,amphetamine_stims,beta_blockers_ccb,0,0,0,0,,,,,
amphetamine_stims|brugmansia,brugmansia,amphetamine_stims,0,0,0,0,,,,,
amphetamine_stims|calcium_channel_blockers,amphetamine_stims,calcium_channel_blockers,0,0,0,0,,,,,
amphetamine_stims|cannabis,cannabis,amphetamine_stims,5,0,5,3,cohen_2021;lindsey_2012;rached_2026,Concomitant drugs associated with increased mortality for MDMA users reported in a drug safety surveillance database | Drug Interactions between Common Illicit Drugs and Prescription Therapies | Safety and efficacy of monoamine oxidase inhibitors in patients who use psychoactive substances,cohen_2021::chunk::1fbe6f25d058;cohen_2021::chunk::68ad620e4828;lindsey_2012::chunk::22a1efbbd284;lindsey_2012::chunk::5157e31148e1;rached_2026::chunk::89e8183c85b8,,cohen_2021::chunk::1fbe6f25d058;cohen_2021::chunk::68ad620e4828;lindsey_2012::chunk::22a1efbbd284;lindsey_2012::chunk::5157e31148e1;rached_2026::chunk::89e8183c85b8
amphetamine_stims|clonidine,amphetamine_stims,clonidine,0,0,0,0,,,,,
amphetamine_stims|clonidine_guanfacine,amphetamine_stims,clonidine_guanfacine,0,0,0,0,,,,,
amphetamine_stims|cocaine,amphetamine_stims,cocaine,3,0,3,2,lindsey_2012;rached_2026,Drug Interactions between Common Illicit Drugs and Prescription Therapies | Safety and efficacy of monoamine oxidase inhibitors in patients who use psychoactive substances,lindsey_2012::chunk::22a1efbbd284;lindsey_2012::chunk::5157e31148e1;rached_2026::chunk::f0b8f4bd20a9,,lindsey_2012::chunk::22a1efbbd284;lindsey_2012::chunk::5157e31148e1;rached_2026::chunk::f0b8f4bd20a9
amphetamine_stims|dox,amphetamine_stims,dox,0,0,0,0,,,,,
amphetamine_stims|five_meo_dmt,five_meo_dmt,amphetamine_stims,0,0,0,0,,,,,
amphetamine_stims|guanfacine,amphetamine_stims,guanfacine,0,0,0,0,,,,,
amphetamine_stims|iboga,amphetamine_stims,iboga,0,0,0,0,,,,,
amphetamine_stims|kambo,kambo,amphetamine_stims,0,0,0,0,,,,,
amphetamine_stims|ketamine,amphetamine_stims,ketamine,2,0,2,2,lindsey_2012;veraart_2021,Drug Interactions between Common Illicit Drugs and Prescription Therapies | Pharmacodynamic Interactions Between Ketamine and Psychiatric Medications Used in the Treatment of Depression: A Systematic Review,lindsey_2012::chunk::5157e31148e1;veraart_2021::chunk::99fa65ad01d5,,lindsey_2012::chunk::5157e31148e1;veraart_2021::chunk::99fa65ad01d5
amphetamine_stims|lamotrigine,amphetamine_stims,lamotrigine,0,0,0,0,,,,,
amphetamine_stims|lithium,amphetamine_stims,lithium,0,1,1,1,gillman_2023,Monoamine oxidase inhibitors and clinically relevant drug interactions,,gillman_2023::chunk::12fd6d056da6,gillman_2023::chunk::12fd6d056da6
amphetamine_stims|lsd,lsd,amphetamine_stims,1,3,4,3,barnett_2025;halman_2024;schmid_2015_a,"Drug-drug interactions involving classic psychedelics: A systematic review | Hypertensive Emergency Secondary to Combining Psilocybin Mushrooms, Extended Release Dextroamphetamine-Amphetamine, and Tranylcypromine | Interactions between bupropion and 3,4-methylenedioxymethamphetamine in healthy subjects",barnett_2025::chunk::757c0ee1256e,halman_2024::chunk::4400ec57461e;halman_2024::chunk::dfd1bb7a18b8;schmid_2015_a::chunk::ffa7efc60709,barnett_2025::chunk::757c0ee1256e;halman_2024::chunk::4400ec57461e;halman_2024::chunk::dfd1bb7a18b8;schmid_2015_a::chunk::ffa7efc60709
amphetamine_stims|maoi_pharma,maoi_pharma,amphetamine_stims,14,14,28,6,baldo_2020;barnett_2025;gillman_2023;lindsey_2012;malcolm_2023;rached_2026,"Ayahuasca and Drug Interaction: The Good, the Bad, and the Soul | Drug Interactions between Common Illicit Drugs and Prescription Therapies | Hypertensive Emergency Secondary to Combining Psilocybin Mushrooms, Extended Release Dextroamphetamine-Amphetamine, and Tranylcypromine | Monoamine oxidase inhibitors and clinically relevant drug interactions | Safety and efficacy of monoamine oxidase inhibitors in patients who use psychoactive substances | The anaesthetist, opioid analgesic drugs, and serotonin toxicity: a mechanistic and clinical review",baldo_2020::chunk::5260debb84cf;barnett_2025::chunk::1ea04b5d746d;barnett_2025::chunk::225be6350ec5;barnett_2025::chunk::5120952c05c8;barnett_2025::chunk::757c0ee1256e;lindsey_2012::chunk::22a1efbbd284;lindsey_2012::chunk::5157e31148e1;malcolm_2023::chunk::7bae4d7c0d3d;rached_2026::chunk::89e8183c85b8;rached_2026::chunk::ccb7ce6fdd3e;rached_2026::chunk::e1501678f2e5;rached_2026::chunk::e96a887142ce;rached_2026::chunk::f0b8f4bd20a9;rached_2026::chunk::f3935f82299a,gillman_2023::chunk::530406309c44;gillman_2023::chunk::6631e88f6197;gillman_2023::chunk::738ca8bf9095;gillman_2023::chunk::84c1833df1a8;gillman_2023::chunk::91378615dfb3;gillman_2023::chunk::91c975178a34;gillman_2023::chunk::9a2e9c712d52;gillman_2023::chunk::a135d87c557e;gillman_2023::chunk::b8d66db543c2;gillman_2023::chunk::df51155c5328;gillman_2023::chunk::fdb36125c7b2;malcolm_2023::chunk::0a92fbaae0fa;malcolm_2023::chunk::c4baa8d977e4;malcolm_2023::chunk::d5c39ea43721,baldo_2020::chunk::5260debb84cf;barnett_2025::chunk::1ea04b5d746d;barnett_2025::chunk::225be6350ec5;barnett_2025::chunk::5120952c05c8;barnett_2025::chunk::757c0ee1256e;gillman_2023::chunk::530406309c44;gillman_2023::chunk::6631e88f6197;gillman_2023::chunk::738ca8bf9095;gillman_2023::chunk::84c1833df1a8;gillman_2023::chunk::91378615dfb3;gillman_2023::chunk::91c975178a34;gillman_2023::chunk::9a2e9c712d52;gillman_2023::chunk::a135d87c557e;gillman_2023::chunk::b8d66db543c2;gillman_2023::chunk::df51155c5328;gillman_2023::chunk::fdb36125c7b2;lindsey_2012::chunk::22a1efbbd284;lindsey_2012::chunk::5157e31148e1;malcolm_2023::chunk::0a92fbaae0fa;malcolm_2023::chunk::7bae4d7c0d3d;malcolm_2023::chunk::c4baa8d977e4;malcolm_2023::chunk::d5c39ea43721;rached_2026::chunk::89e8183c85b8;rached_2026::chunk::ccb7ce6fdd3e;rached_2026::chunk::e1501678f2e5;rached_2026::chunk::e96a887142ce;rached_2026::chunk::f0b8f4bd20a9;rached_2026::chunk::f3935f82299a
amphetamine_stims|mdma,amphetamine_stims,mdma,12,4,16,8,cohen_2021;gillman_2023;liechti_2014;lindsey_2012;malcolm_2023;rached_2026;sarparast_2022;schmid_2015_a,"Ayahuasca and Drug Interaction: The Good, the Bad, and the Soul | Concomitant drugs associated with increased mortality for MDMA users reported in a drug safety surveillance database | Drug Interactions between Common Illicit Drugs and Prescription Therapies | Drug-drug interactions between psychiatric medications and MDMA or psilocybin | Effects of MDMA on body temperature in humans | Interactions between bupropion and 3,4-methylenedioxymethamphetamine in healthy subjects | Monoamine oxidase inhibitors and clinically relevant drug interactions | Safety and efficacy of monoamine oxidase inhibitors in patients who use psychoactive substances",cohen_2021::chunk::1fbe6f25d058;cohen_2021::chunk::68ad620e4828;cohen_2021::chunk::a9c56545c673;cohen_2021::chunk::bbefec5b8cb7;gillman_2023::chunk::d953fa38150f;liechti_2014::chunk::cd95581ced7b;lindsey_2012::chunk::22a1efbbd284;lindsey_2012::chunk::5157e31148e1;malcolm_2023::chunk::7bae4d7c0d3d;rached_2026::chunk::89e8183c85b8;rached_2026::chunk::f0b8f4bd20a9;sarparast_2022::chunk::9e324cb4543a,schmid_2015_a::chunk::18b3b805afe9;schmid_2015_a::chunk::521b031e4bf9;schmid_2015_a::chunk::9851c738946f;schmid_2015_a::chunk::e53d49d98afa,cohen_2021::chunk::1fbe6f25d058;cohen_2021::chunk::68ad620e4828;cohen_2021::chunk::a9c56545c673;cohen_2021::chunk::bbefec5b8cb7;gillman_2023::chunk::d953fa38150f;liechti_2014::chunk::cd95581ced7b;lindsey_2012::chunk::22a1efbbd284;lindsey_2012::chunk::5157e31148e1;malcolm_2023::chunk::7bae4d7c0d3d;rached_2026::chunk::89e8183c85b8;rached_2026::chunk::f0b8f4bd20a9;sarparast_2022::chunk::9e324cb4543a;schmid_2015_a::chunk::18b3b805afe9;schmid_2015_a::chunk::521b031e4bf9;schmid_2015_a::chunk::9851c738946f;schmid_2015_a::chunk::e53d49d98afa
amphetamine_stims|mescaline_peyote,mescaline_peyote,amphetamine_stims,0,0,0,0,,,,,
amphetamine_stims|methylphenidate,amphetamine_stims,methylphenidate,1,0,1,1,liechti_2014,Effects of MDMA on body temperature in humans,liechti_2014::chunk::2e09ec78047c,,liechti_2014::chunk::2e09ec78047c
amphetamine_stims|nbome_series,amphetamine_stims,nbome_series,0,0,0,0,,,,,
amphetamine_stims|ndri_bupropion,ndri_bupropion,amphetamine_stims,1,4,5,2,cohen_2021;schmid_2015_a,"Concomitant drugs associated with increased mortality for MDMA users reported in a drug safety surveillance database | Interactions between bupropion and 3,4-methylenedioxymethamphetamine in healthy subjects",cohen_2021::chunk::bbefec5b8cb7,schmid_2015_a::chunk::237b11fcaa84;schmid_2015_a::chunk::45217f0ffa73;schmid_2015_a::chunk::7e2a245a8130;schmid_2015_a::chunk::9519a6b13019,cohen_2021::chunk::bbefec5b8cb7;schmid_2015_a::chunk::237b11fcaa84;schmid_2015_a::chunk::45217f0ffa73;schmid_2015_a::chunk::7e2a245a8130;schmid_2015_a::chunk::9519a6b13019
amphetamine_stims|nn_dmt,nn_dmt,amphetamine_stims,1,5,6,3,barnett_2025;malcolm_2023;ruffell_2020,"Ayahuasca and Drug Interaction: The Good, the Bad, and the Soul | Hypertensive Emergency Secondary to Combining Psilocybin Mushrooms, Extended Release Dextroamphetamine-Amphetamine, and Tranylcypromine | The pharmacological interaction of compounds in ayahuasca: a systematic review",barnett_2025::chunk::757c0ee1256e,malcolm_2023::chunk::c115fff54eba;ruffell_2020::chunk::2e4b273d12f3;ruffell_2020::chunk::3b2fd0f128a6;ruffell_2020::chunk::52ffeca03d9f;ruffell_2020::chunk::c72b2f73e595,barnett_2025::chunk::757c0ee1256e;malcolm_2023::chunk::c115fff54eba;ruffell_2020::chunk::2e4b273d12f3;ruffell_2020::chunk::3b2fd0f128a6;ruffell_2020::chunk::52ffeca03d9f;ruffell_2020::chunk::c72b2f73e595
amphetamine_stims|psilocybin,psilocybin,amphetamine_stims,8,1,9,4,barnett_2025;halman_2024;rached_2026;sarparast_2022,"Drug-drug interactions between psychiatric medications and MDMA or psilocybin | Drug-drug interactions involving classic psychedelics: A systematic review | Hypertensive Emergency Secondary to Combining Psilocybin Mushrooms, Extended Release Dextroamphetamine-Amphetamine, and Tranylcypromine | Safety and efficacy of monoamine oxidase inhibitors in patients who use psychoactive substances",barnett_2025::chunk::225be6350ec5;barnett_2025::chunk::3fcb2ab61e99;barnett_2025::chunk::5120952c05c8;barnett_2025::chunk::5ff382b65270;barnett_2025::chunk::757c0ee1256e;barnett_2025::chunk::fb2770cfab81;rached_2026::chunk::f0b8f4bd20a9;sarparast_2022::chunk::9e324cb4543a,halman_2024::chunk::3034cb6a7fd1,barnett_2025::chunk::225be6350ec5;barnett_2025::chunk::3fcb2ab61e99;barnett_2025::chunk::5120952c05c8;barnett_2025::chunk::5ff382b65270;barnett_2025::chunk::757c0ee1256e;barnett_2025::chunk::fb2770cfab81;halman_2024::chunk::3034cb6a7fd1;rached_2026::chunk::f0b8f4bd20a9;sarparast_2022::chunk::9e324cb4543a
amphetamine_stims|salvia,salvia,amphetamine_stims,0,0,0,0,,,,,
amphetamine_stims|serotonergic_opioids,amphetamine_stims,serotonergic_opioids,7,0,7,4,baldo_2020;cohen_2021;lindsey_2012;rached_2026,"Concomitant drugs associated with increased mortality for MDMA users reported in a drug safety surveillance database | Drug Interactions between Common Illicit Drugs and Prescription Therapies | Safety and efficacy of monoamine oxidase inhibitors in patients who use psychoactive substances | The anaesthetist, opioid analgesic drugs, and serotonin toxicity: a mechanistic and clinical review",baldo_2020::chunk::5260debb84cf;cohen_2021::chunk::1fbe6f25d058;cohen_2021::chunk::68ad620e4828;cohen_2021::chunk::bbefec5b8cb7;lindsey_2012::chunk::5157e31148e1;rached_2026::chunk::89e8183c85b8;rached_2026::chunk::f0b8f4bd20a9,,baldo_2020::chunk::5260debb84cf;cohen_2021::chunk::1fbe6f25d058;cohen_2021::chunk::68ad620e4828;cohen_2021::chunk::bbefec5b8cb7;lindsey_2012::chunk::5157e31148e1;rached_2026::chunk::89e8183c85b8;rached_2026::chunk::f0b8f4bd20a9
amphetamine_stims|snri,snri,amphetamine_stims,2,0,2,2,cohen_2021;gillman_2023,Concomitant drugs associated with increased mortality for MDMA users reported in a drug safety surveillance database | Monoamine oxidase inhibitors and clinically relevant drug interactions,cohen_2021::chunk::bbefec5b8cb7;gillman_2023::chunk::d953fa38150f,,cohen_2021::chunk::bbefec5b8cb7;gillman_2023::chunk::d953fa38150f
amphetamine_stims|ssri,ssri,amphetamine_stims,4,0,4,4,cohen_2021;gillman_2023;liechti_2014;malcolm_2023,"Ayahuasca and Drug Interaction: The Good, the Bad, and the Soul | Concomitant drugs associated with increased mortality for MDMA users reported in a drug safety surveillance database | Effects of MDMA on body temperature in humans | Monoamine oxidase inhibitors and clinically relevant drug interactions",cohen_2021::chunk::bbefec5b8cb7;gillman_2023::chunk::d953fa38150f;liechti_2014::chunk::cd95581ced7b;malcolm_2023::chunk::7bae4d7c0d3d,,cohen_2021::chunk::bbefec5b8cb7;gillman_2023::chunk::d953fa38150f;liechti_2014::chunk::cd95581ced7b;malcolm_2023::chunk::7bae4d7c0d3d
amphetamine_stims|tobacco_rape,tobacco_rape,amphetamine_stims,2,1,3,3,cohen_2021;rached_2026;schmid_2015_a,"Concomitant drugs associated with increased mortality for MDMA users reported in a drug safety surveillance database | Interactions between bupropion and 3,4-methylenedioxymethamphetamine in healthy subjects | Safety and efficacy of monoamine oxidase inhibitors in patients who use psychoactive substances",cohen_2021::chunk::1fbe6f25d058;rached_2026::chunk::89e8183c85b8,schmid_2015_a::chunk::39c967e598af,cohen_2021::chunk::1fbe6f25d058;rached_2026::chunk::89e8183c85b8;schmid_2015_a::chunk::39c967e598af
amphetamine_stims|tricyclic_ad,tricyclic_ad,amphetamine_stims,0,0,0,0,,,,,
amphetamine_stims|two_c_x,amphetamine_stims,two_c_x,0,0,0,0,,,,,
amphetamine_stims|yopo,yopo,amphetamine_stims,0,0,0,0,,,,,
antihypertensives|antihypertensives,antihypertensives,antihypertensives,0,0,0,0,,,,,
antihypertensives|antipsychotics,antipsychotics,antihypertensives,0,1,1,1,halman_2024,Drug-drug interactions involving classic psychedelics: A systematic review,,halman_2024::chunk::567a1313706a,halman_2024::chunk::567a1313706a
antihypertensives|atypical_ad,atypical_ad,antihypertensives,0,0,0,0,,,,,
antihypertensives|ayahuasca,ayahuasca,antihypertensives,0,19,19,3,malcolm_2023;ruffell_2020;ruffell_2023,"Ayahuasca and Drug Interaction: The Good, the Bad, and the Soul | Ayahuasca: A review of historical, pharmacological, and therapeutic aspects | The pharmacological interaction of compounds in ayahuasca: a systematic review",,malcolm_2023::chunk::7f4b184834c1;malcolm_2023::chunk::9dfa64780b09;malcolm_2023::chunk::b08b385b2756;malcolm_2023::chunk::d8148a2d31f5;ruffell_2020::chunk::4d81ee9141cb;ruffell_2020::chunk::62003914ce28;ruffell_2020::chunk::a4850c6e2767;ruffell_2020::chunk::b04afb49b95d;ruffell_2020::chunk::c9dff5ca1f0d;ruffell_2020::chunk::e8d5573b16a8;ruffell_2023::chunk::0b7f36d19a2e;ruffell_2023::chunk::0e15604b8ed4;ruffell_2023::chunk::0eebffeda8b5;ruffell_2023::chunk::18a36bc3f3a4;ruffell_2023::chunk::32fb906025f6;ruffell_2023::chunk::50c6242e77d9;ruffell_2023::chunk::52213b64ffee;ruffell_2023::chunk::9603179454b2;ruffell_2023::chunk::e9b72429f8eb,malcolm_2023::chunk::7f4b184834c1;malcolm_2023::chunk::9dfa64780b09;malcolm_2023::chunk::b08b385b2756;malcolm_2023::chunk::d8148a2d31f5;ruffell_2020::chunk::4d81ee9141cb;ruffell_2020::chunk::62003914ce28;ruffell_2020::chunk::a4850c6e2767;ruffell_2020::chunk::b04afb49b95d;ruffell_2020::chunk::c9dff5ca1f0d;ruffell_2020::chunk::e8d5573b16a8;ruffell_2023::chunk::0b7f36d19a2e;ruffell_2023::chunk::0e15604b8ed4;ruffell_2023::chunk::0eebffeda8b5;ruffell_2023::chunk::18a36bc3f3a4;ruffell_2023::chunk::32fb906025f6;ruffell_2023::chunk::50c6242e77d9;ruffell_2023::chunk::52213b64ffee;ruffell_2023::chunk::9603179454b2;ruffell_2023::chunk::e9b72429f8eb
antihypertensives|belladonna,belladonna,antihypertensives,0,0,0,0,,,,,
antihypertensives|benzodiazepines,antihypertensives,benzodiazepines,0,0,0,0,,,,,
antihypertensives|beta_blockers,antihypertensives,beta_blockers,0,0,0,0,,,,,
antihypertensives|beta_blockers_ccb,antihypertensives,beta_blockers_ccb,0,0,0,0,,,,,
antihypertensives|brugmansia,brugmansia,antihypertensives,0,0,0,0,,,,,
antihypertensives|calcium_channel_blockers,antihypertensives,calcium_channel_blockers,0,0,0,0,,,,,
antihypertensives|cannabis,cannabis,antihypertensives,0,0,0,0,,,,,
antihypertensives|clonidine,antihypertensives,clonidine,0,0,0,0,,,,,
antihypertensives|clonidine_guanfacine,antihypertensives,clonidine_guanfacine,0,0,0,0,,,,,
antihypertensives|cocaine,cocaine,antihypertensives,0,0,0,0,,,,,
antihypertensives|dox,dox,antihypertensives,0,0,0,0,,,,,
antihypertensives|five_meo_dmt,five_meo_dmt,antihypertensives,0,0,0,0,,,,,
antihypertensives|guanfacine,antihypertensives,guanfacine,0,0,0,0,,,,,
antihypertensives|iboga,antihypertensives,iboga,0,0,0,0,,,,,
antihypertensives|kambo,kambo,antihypertensives,0,0,0,0,,,,,
antihypertensives|ketamine,antihypertensives,ketamine,0,0,0,0,,,,,
antihypertensives|lamotrigine,antihypertensives,lamotrigine,0,0,0,0,,,,,
antihypertensives|lithium,antihypertensives,lithium,0,1,1,1,gillman_2023,Monoamine oxidase inhibitors and clinically relevant drug interactions,,gillman_2023::chunk::12fd6d056da6,gillman_2023::chunk::12fd6d056da6
antihypertensives|lsd,lsd,antihypertensives,0,3,3,2,halman_2024;schmid_2015_a,"Drug-drug interactions involving classic psychedelics: A systematic review | Interactions between bupropion and 3,4-methylenedioxymethamphetamine in healthy subjects",,halman_2024::chunk::4400ec57461e;halman_2024::chunk::dfd1bb7a18b8;schmid_2015_a::chunk::ffa7efc60709,halman_2024::chunk::4400ec57461e;halman_2024::chunk::dfd1bb7a18b8;schmid_2015_a::chunk::ffa7efc60709
antihypertensives|maoi_pharma,maoi_pharma,antihypertensives,0,14,14,2,gillman_2023;malcolm_2023,"Ayahuasca and Drug Interaction: The Good, the Bad, and the Soul | Monoamine oxidase inhibitors and clinically relevant drug interactions",,gillman_2023::chunk::530406309c44;gillman_2023::chunk::6631e88f6197;gillman_2023::chunk::738ca8bf9095;gillman_2023::chunk::84c1833df1a8;gillman_2023::chunk::91378615dfb3;gillman_2023::chunk::91c975178a34;gillman_2023::chunk::9a2e9c712d52;gillman_2023::chunk::a135d87c557e;gillman_2023::chunk::b8d66db543c2;gillman_2023::chunk::df51155c5328;gillman_2023::chunk::fdb36125c7b2;malcolm_2023::chunk::0a92fbaae0fa;malcolm_2023::chunk::c4baa8d977e4;malcolm_2023::chunk::d5c39ea43721,gillman_2023::chunk::530406309c44;gillman_2023::chunk::6631e88f6197;gillman_2023::chunk::738ca8bf9095;gillman_2023::chunk::84c1833df1a8;gillman_2023::chunk::91378615dfb3;gillman_2023::chunk::91c975178a34;gillman_2023::chunk::9a2e9c712d52;gillman_2023::chunk::a135d87c557e;gillman_2023::chunk::b8d66db543c2;gillman_2023::chunk::df51155c5328;gillman_2023::chunk::fdb36125c7b2;malcolm_2023::chunk::0a92fbaae0fa;malcolm_2023::chunk::c4baa8d977e4;malcolm_2023::chunk::d5c39ea43721
antihypertensives|mdma,mdma,antihypertensives,0,4,4,1,schmid_2015_a,"Interactions between bupropion and 3,4-methylenedioxymethamphetamine in healthy subjects",,schmid_2015_a::chunk::18b3b805afe9;schmid_2015_a::chunk::521b031e4bf9;schmid_2015_a::chunk::9851c738946f;schmid_2015_a::chunk::e53d49d98afa,schmid_2015_a::chunk::18b3b805afe9;schmid_2015_a::chunk::521b031e4bf9;schmid_2015_a::chunk::9851c738946f;schmid_2015_a::chunk::e53d49d98afa
antihypertensives|mescaline_peyote,mescaline_peyote,antihypertensives,0,0,0,0,,,,,
antihypertensives|methylphenidate,methylphenidate,antihypertensives,0,0,0,0,,,,,
antihypertensives|nbome_series,nbome_series,antihypertensives,0,0,0,0,,,,,
antihypertensives|ndri_bupropion,ndri_bupropion,antihypertensives,0,4,4,1,schmid_2015_a,"Interactions between bupropion and 3,4-methylenedioxymethamphetamine in healthy subjects",,schmid_2015_a::chunk::237b11fcaa84;schmid_2015_a::chunk::45217f0ffa73;schmid_2015_a::chunk::7e2a245a8130;schmid_2015_a::chunk::9519a6b13019,schmid_2015_a::chunk::237b11fcaa84;schmid_2015_a::chunk::45217f0ffa73;schmid_2015_a::chunk::7e2a245a8130;schmid_2015_a::chunk::9519a6b13019
antihypertensives|nn_dmt,nn_dmt,antihypertensives,0,5,5,2,malcolm_2023;ruffell_2020,"Ayahuasca and Drug Interaction: The Good, the Bad, and the Soul | The pharmacological interaction of compounds in ayahuasca: a systematic review",,malcolm_2023::chunk::c115fff54eba;ruffell_2020::chunk::2e4b273d12f3;ruffell_2020::chunk::3b2fd0f128a6;ruffell_2020::chunk::52ffeca03d9f;ruffell_2020::chunk::c72b2f73e595,malcolm_2023::chunk::c115fff54eba;ruffell_2020::chunk::2e4b273d12f3;ruffell_2020::chunk::3b2fd0f128a6;ruffell_2020::chunk::52ffeca03d9f;ruffell_2020::chunk::c72b2f73e595
antihypertensives|psilocybin,psilocybin,antihypertensives,0,1,1,1,halman_2024,Drug-drug interactions involving classic psychedelics: A systematic review,,halman_2024::chunk::3034cb6a7fd1,halman_2024::chunk::3034cb6a7fd1
antihypertensives|salvia,salvia,antihypertensives,0,0,0,0,,,,,
antihypertensives|serotonergic_opioids,serotonergic_opioids,antihypertensives,0,0,0,0,,,,,
antihypertensives|snri,snri,antihypertensives,0,0,0,0,,,,,
antihypertensives|ssri,ssri,antihypertensives,0,0,0,0,,,,,
antihypertensives|tobacco_rape,tobacco_rape,antihypertensives,0,1,1,1,schmid_2015_a,"Interactions between bupropion and 3,4-methylenedioxymethamphetamine in healthy subjects",,schmid_2015_a::chunk::39c967e598af,schmid_2015_a::chunk::39c967e598af
antihypertensives|tricyclic_ad,tricyclic_ad,antihypertensives,0,0,0,0,,,,,
antihypertensives|two_c_x,two_c_x,antihypertensives,0,0,0,0,,,,,
antihypertensives|yopo,yopo,antihypertensives,0,0,0,0,,,,,
antipsychotics|antipsychotics,antipsychotics,antipsychotics,0,1,1,1,halman_2024,Drug-drug interactions involving classic psychedelics: A systematic review,,halman_2024::chunk::567a1313706a,halman_2024::chunk::567a1313706a
antipsychotics|atypical_ad,atypical_ad,antipsychotics,1,1,2,2,cohen_2021;halman_2024,Concomitant drugs associated with increased mortality for MDMA users reported in a drug safety surveillance database | Drug-drug interactions involving classic psychedelics: A systematic review,cohen_2021::chunk::7ccc099822df,halman_2024::chunk::567a1313706a,cohen_2021::chunk::7ccc099822df;halman_2024::chunk::567a1313706a
antipsychotics|ayahuasca,ayahuasca,antipsychotics,1,20,20,4,halman_2024;malcolm_2023;ruffell_2020;ruffell_2023,"Ayahuasca and Drug Interaction: The Good, the Bad, and the Soul | Ayahuasca: A review of historical, pharmacological, and therapeutic aspects | Drug-drug interactions involving classic psychedelics: A systematic review | The pharmacological interaction of compounds in ayahuasca: a systematic review",halman_2024::chunk::567a1313706a,halman_2024::chunk::567a1313706a;malcolm_2023::chunk::7f4b184834c1;malcolm_2023::chunk::9dfa64780b09;malcolm_2023::chunk::b08b385b2756;malcolm_2023::chunk::d8148a2d31f5;ruffell_2020::chunk::4d81ee9141cb;ruffell_2020::chunk::62003914ce28;ruffell_2020::chunk::a4850c6e2767;ruffell_2020::chunk::b04afb49b95d;ruffell_2020::chunk::c9dff5ca1f0d;ruffell_2020::chunk::e8d5573b16a8;ruffell_2023::chunk::0b7f36d19a2e;ruffell_2023::chunk::0e15604b8ed4;ruffell_2023::chunk::0eebffeda8b5;ruffell_2023::chunk::18a36bc3f3a4;ruffell_2023::chunk::32fb906025f6;ruffell_2023::chunk::50c6242e77d9;ruffell_2023::chunk::52213b64ffee;ruffell_2023::chunk::9603179454b2;ruffell_2023::chunk::e9b72429f8eb,halman_2024::chunk::567a1313706a;malcolm_2023::chunk::7f4b184834c1;malcolm_2023::chunk::9dfa64780b09;malcolm_2023::chunk::b08b385b2756;malcolm_2023::chunk::d8148a2d31f5;ruffell_2020::chunk::4d81ee9141cb;ruffell_2020::chunk::62003914ce28;ruffell_2020::chunk::a4850c6e2767;ruffell_2020::chunk::b04afb49b95d;ruffell_2020::chunk::c9dff5ca1f0d;ruffell_2020::chunk::e8d5573b16a8;ruffell_2023::chunk::0b7f36d19a2e;ruffell_2023::chunk::0e15604b8ed4;ruffell_2023::chunk::0eebffeda8b5;ruffell_2023::chunk::18a36bc3f3a4;ruffell_2023::chunk::32fb906025f6;ruffell_2023::chunk::50c6242e77d9;ruffell_2023::chunk::52213b64ffee;ruffell_2023::chunk::9603179454b2;ruffell_2023::chunk::e9b72429f8eb
antipsychotics|belladonna,belladonna,antipsychotics,0,1,1,1,halman_2024,Drug-drug interactions involving classic psychedelics: A systematic review,,halman_2024::chunk::567a1313706a,halman_2024::chunk::567a1313706a
antipsychotics|benzodiazepines,antipsychotics,benzodiazepines,2,1,3,3,cohen_2021;halman_2024;veraart_2021,Concomitant drugs associated with increased mortality for MDMA users reported in a drug safety surveillance database | Drug-drug interactions involving classic psychedelics: A systematic review | Pharmacodynamic Interactions Between Ketamine and Psychiatric Medications Used in the Treatment of Depression: A Systematic Review,cohen_2021::chunk::bbefec5b8cb7;veraart_2021::chunk::ce4a4d991954,halman_2024::chunk::567a1313706a,cohen_2021::chunk::bbefec5b8cb7;halman_2024::chunk::567a1313706a;veraart_2021::chunk::ce4a4d991954
antipsychotics|beta_blockers,antipsychotics,beta_blockers,0,1,1,1,halman_2024,Drug-drug interactions involving classic psychedelics: A systematic review,,halman_2024::chunk::567a1313706a,halman_2024::chunk::567a1313706a
antipsychotics|beta_blockers_ccb,antipsychotics,beta_blockers_ccb,0,1,1,1,halman_2024,Drug-drug interactions involving classic psychedelics: A systematic review,,halman_2024::chunk::567a1313706a,halman_2024::chunk::567a1313706a
antipsychotics|brugmansia,brugmansia,antipsychotics,0,1,1,1,halman_2024,Drug-drug interactions involving classic psychedelics: A systematic review,,halman_2024::chunk::567a1313706a,halman_2024::chunk::567a1313706a
antipsychotics|calcium_channel_blockers,antipsychotics,calcium_channel_blockers,0,1,1,1,halman_2024,Drug-drug interactions involving classic psychedelics: A systematic review,,halman_2024::chunk::567a1313706a,halman_2024::chunk::567a1313706a
antipsychotics|cannabis,cannabis,antipsychotics,0,1,1,1,halman_2024,Drug-drug interactions involving classic psychedelics: A systematic review,,halman_2024::chunk::567a1313706a,halman_2024::chunk::567a1313706a
antipsychotics|clonidine,antipsychotics,clonidine,0,1,1,1,halman_2024,Drug-drug interactions involving classic psychedelics: A systematic review,,halman_2024::chunk::567a1313706a,halman_2024::chunk::567a1313706a
antipsychotics|clonidine_guanfacine,antipsychotics,clonidine_guanfacine,0,1,1,1,halman_2024,Drug-drug interactions involving classic psychedelics: A systematic review,,halman_2024::chunk::567a1313706a,halman_2024::chunk::567a1313706a
antipsychotics|cocaine,cocaine,antipsychotics,0,1,1,1,halman_2024,Drug-drug interactions involving classic psychedelics: A systematic review,,halman_2024::chunk::567a1313706a,halman_2024::chunk::567a1313706a
antipsychotics|dox,dox,antipsychotics,0,1,1,1,halman_2024,Drug-drug interactions involving classic psychedelics: A systematic review,,halman_2024::chunk::567a1313706a,halman_2024::chunk::567a1313706a
antipsychotics|five_meo_dmt,five_meo_dmt,antipsychotics,1,1,1,1,halman_2024,Drug-drug interactions involving classic psychedelics: A systematic review,halman_2024::chunk::567a1313706a,halman_2024::chunk::567a1313706a,halman_2024::chunk::567a1313706a
antipsychotics|guanfacine,antipsychotics,guanfacine,0,1,1,1,halman_2024,Drug-drug interactions involving classic psychedelics: A systematic review,,halman_2024::chunk::567a1313706a,halman_2024::chunk::567a1313706a
antipsychotics|iboga,antipsychotics,iboga,0,0,0,0,,,,,
antipsychotics|kambo,kambo,antipsychotics,0,1,1,1,halman_2024,Drug-drug interactions involving classic psychedelics: A systematic review,,halman_2024::chunk::567a1313706a,halman_2024::chunk::567a1313706a
antipsychotics|ketamine,antipsychotics,ketamine,2,0,2,1,veraart_2021,Pharmacodynamic Interactions Between Ketamine and Psychiatric Medications Used in the Treatment of Depression: A Systematic Review,veraart_2021::chunk::99fa65ad01d5;veraart_2021::chunk::ce4a4d991954,,veraart_2021::chunk::99fa65ad01d5;veraart_2021::chunk::ce4a4d991954
antipsychotics|lamotrigine,antipsychotics,lamotrigine,1,0,1,1,veraart_2021,Pharmacodynamic Interactions Between Ketamine and Psychiatric Medications Used in the Treatment of Depression: A Systematic Review,veraart_2021::chunk::ce4a4d991954,,veraart_2021::chunk::ce4a4d991954
antipsychotics|lithium,antipsychotics,lithium,1,1,2,2,gillman_2023;veraart_2021,Monoamine oxidase inhibitors and clinically relevant drug interactions | Pharmacodynamic Interactions Between Ketamine and Psychiatric Medications Used in the Treatment of Depression: A Systematic Review,veraart_2021::chunk::ce4a4d991954,gillman_2023::chunk::12fd6d056da6,gillman_2023::chunk::12fd6d056da6;veraart_2021::chunk::ce4a4d991954
antipsychotics|lsd,lsd,antipsychotics,1,3,4,2,halman_2024;schmid_2015_a,"Drug-drug interactions involving classic psychedelics: A systematic review | Interactions between bupropion and 3,4-methylenedioxymethamphetamine in healthy subjects",halman_2024::chunk::567a1313706a,halman_2024::chunk::4400ec57461e;halman_2024::chunk::dfd1bb7a18b8;schmid_2015_a::chunk::ffa7efc60709,halman_2024::chunk::4400ec57461e;halman_2024::chunk::567a1313706a;halman_2024::chunk::dfd1bb7a18b8;schmid_2015_a::chunk::ffa7efc60709
antipsychotics|maoi_pharma,maoi_pharma,antipsychotics,2,14,16,3,gillman_2023;malcolm_2023;veraart_2021,"Ayahuasca and Drug Interaction: The Good, the Bad, and the Soul | Monoamine oxidase inhibitors and clinically relevant drug interactions | Pharmacodynamic Interactions Between Ketamine and Psychiatric Medications Used in the Treatment of Depression: A Systematic Review",gillman_2023::chunk::dc150d488990;veraart_2021::chunk::ce4a4d991954,gillman_2023::chunk::530406309c44;gillman_2023::chunk::6631e88f6197;gillman_2023::chunk::738ca8bf9095;gillman_2023::chunk::84c1833df1a8;gillman_2023::chunk::91378615dfb3;gillman_2023::chunk::91c975178a34;gillman_2023::chunk::9a2e9c712d52;gillman_2023::chunk::a135d87c557e;gillman_2023::chunk::b8d66db543c2;gillman_2023::chunk::df51155c5328;gillman_2023::chunk::fdb36125c7b2;malcolm_2023::chunk::0a92fbaae0fa;malcolm_2023::chunk::c4baa8d977e4;malcolm_2023::chunk::d5c39ea43721,gillman_2023::chunk::530406309c44;gillman_2023::chunk::6631e88f6197;gillman_2023::chunk::738ca8bf9095;gillman_2023::chunk::84c1833df1a8;gillman_2023::chunk::91378615dfb3;gillman_2023::chunk::91c975178a34;gillman_2023::chunk::9a2e9c712d52;gillman_2023::chunk::a135d87c557e;gillman_2023::chunk::b8d66db543c2;gillman_2023::chunk::dc150d488990;gillman_2023::chunk::df51155c5328;gillman_2023::chunk::fdb36125c7b2;malcolm_2023::chunk::0a92fbaae0fa;malcolm_2023::chunk::c4baa8d977e4;malcolm_2023::chunk::d5c39ea43721;veraart_2021::chunk::ce4a4d991954
antipsychotics|mdma,mdma,antipsychotics,4,4,8,3,cohen_2021;liechti_2014;schmid_2015_a,"Concomitant drugs associated with increased mortality for MDMA users reported in a drug safety surveillance database | Effects of MDMA on body temperature in humans | Interactions between bupropion and 3,4-methylenedioxymethamphetamine in healthy subjects",cohen_2021::chunk::490a96820b74;cohen_2021::chunk::7ccc099822df;cohen_2021::chunk::bbefec5b8cb7;liechti_2014::chunk::cd95581ced7b,schmid_2015_a::chunk::18b3b805afe9;schmid_2015_a::chunk::521b031e4bf9;schmid_2015_a::chunk::9851c738946f;schmid_2015_a::chunk::e53d49d98afa,cohen_2021::chunk::490a96820b74;cohen_2021::chunk::7ccc099822df;cohen_2021::chunk::bbefec5b8cb7;liechti_2014::chunk::cd95581ced7b;schmid_2015_a::chunk::18b3b805afe9;schmid_2015_a::chunk::521b031e4bf9;schmid_2015_a::chunk::9851c738946f;schmid_2015_a::chunk::e53d49d98afa
antipsychotics|mescaline_peyote,mescaline_peyote,antipsychotics,1,0,1,1,halman_2024,Drug-drug interactions involving classic psychedelics: A systematic review,halman_2024::chunk::567a1313706a,,halman_2024::chunk::567a1313706a
antipsychotics|methylphenidate,methylphenidate,antipsychotics,0,0,0,0,,,,,
antipsychotics|nbome_series,nbome_series,antipsychotics,0,0,0,0,,,,,
antipsychotics|ndri_bupropion,ndri_bupropion,antipsychotics,1,4,5,2,cohen_2021;schmid_2015_a,"Concomitant drugs associated with increased mortality for MDMA users reported in a drug safety surveillance database | Interactions between bupropion and 3,4-methylenedioxymethamphetamine in healthy subjects",cohen_2021::chunk::bbefec5b8cb7,schmid_2015_a::chunk::237b11fcaa84;schmid_2015_a::chunk::45217f0ffa73;schmid_2015_a::chunk::7e2a245a8130;schmid_2015_a::chunk::9519a6b13019,cohen_2021::chunk::bbefec5b8cb7;schmid_2015_a::chunk::237b11fcaa84;schmid_2015_a::chunk::45217f0ffa73;schmid_2015_a::chunk::7e2a245a8130;schmid_2015_a::chunk::9519a6b13019
antipsychotics|nn_dmt,nn_dmt,antipsychotics,1,5,6,3,halman_2024;malcolm_2023;ruffell_2020,"Ayahuasca and Drug Interaction: The Good, the Bad, and the Soul | Drug-drug interactions involving classic psychedelics: A systematic review | The pharmacological interaction of compounds in ayahuasca: a systematic review",halman_2024::chunk::567a1313706a,malcolm_2023::chunk::c115fff54eba;ruffell_2020::chunk::2e4b273d12f3;ruffell_2020::chunk::3b2fd0f128a6;ruffell_2020::chunk::52ffeca03d9f;ruffell_2020::chunk::c72b2f73e595,halman_2024::chunk::567a1313706a;malcolm_2023::chunk::c115fff54eba;ruffell_2020::chunk::2e4b273d12f3;ruffell_2020::chunk::3b2fd0f128a6;ruffell_2020::chunk::52ffeca03d9f;ruffell_2020::chunk::c72b2f73e595
antipsychotics|psilocybin,psilocybin,antipsychotics,2,1,3,2,halman_2024;thomas_2024,Drug-drug interactions involving classic psychedelics: A systematic review | Toxicology and Pharmacological Interactions of Classic Psychedelics,halman_2024::chunk::567a1313706a;thomas_2024::chunk::1a763f304474,halman_2024::chunk::3034cb6a7fd1,halman_2024::chunk::3034cb6a7fd1;halman_2024::chunk::567a1313706a;thomas_2024::chunk::1a763f304474
antipsychotics|salvia,salvia,antipsychotics,0,0,0,0,,,,,
antipsychotics|serotonergic_opioids,serotonergic_opioids,antipsychotics,2,0,2,2,baldo_2020;cohen_2021,"Concomitant drugs associated with increased mortality for MDMA users reported in a drug safety surveillance database | The anaesthetist, opioid analgesic drugs, and serotonin toxicity: a mechanistic and clinical review",baldo_2020::chunk::56f65d84628b;cohen_2021::chunk::bbefec5b8cb7,,baldo_2020::chunk::56f65d84628b;cohen_2021::chunk::bbefec5b8cb7
antipsychotics|snri,snri,antipsychotics,2,0,2,1,cohen_2021,Concomitant drugs associated with increased mortality for MDMA users reported in a drug safety surveillance database,cohen_2021::chunk::7ccc099822df;cohen_2021::chunk::bbefec5b8cb7,,cohen_2021::chunk::7ccc099822df;cohen_2021::chunk::bbefec5b8cb7
antipsychotics|ssri,ssri,antipsychotics,3,0,3,2,cohen_2021;liechti_2014,Concomitant drugs associated with increased mortality for MDMA users reported in a drug safety surveillance database | Effects of MDMA on body temperature in humans,cohen_2021::chunk::7ccc099822df;cohen_2021::chunk::bbefec5b8cb7;liechti_2014::chunk::cd95581ced7b,,cohen_2021::chunk::7ccc099822df;cohen_2021::chunk::bbefec5b8cb7;liechti_2014::chunk::cd95581ced7b
antipsychotics|tobacco_rape,tobacco_rape,antipsychotics,0,1,1,1,schmid_2015_a,"Interactions between bupropion and 3,4-methylenedioxymethamphetamine in healthy subjects",,schmid_2015_a::chunk::39c967e598af,schmid_2015_a::chunk::39c967e598af
antipsychotics|tricyclic_ad,tricyclic_ad,antipsychotics,1,0,1,1,cohen_2021,Concomitant drugs associated with increased mortality for MDMA users reported in a drug safety surveillance database,cohen_2021::chunk::7ccc099822df,,cohen_2021::chunk::7ccc099822df
antipsychotics|two_c_x,two_c_x,antipsychotics,0,0,0,0,,,,,
antipsychotics|yopo,yopo,antipsychotics,0,0,0,0,,,,,
atypical_ad|atypical_ad,atypical_ad,atypical_ad,0,0,0,0,,,,,
atypical_ad|ayahuasca,ayahuasca,atypical_ad,0,19,19,3,malcolm_2023;ruffell_2020;ruffell_2023,"Ayahuasca and Drug Interaction: The Good, the Bad, and the Soul | Ayahuasca: A review of historical, pharmacological, and therapeutic aspects | The pharmacological interaction of compounds in ayahuasca: a systematic review",,malcolm_2023::chunk::7f4b184834c1;malcolm_2023::chunk::9dfa64780b09;malcolm_2023::chunk::b08b385b2756;malcolm_2023::chunk::d8148a2d31f5;ruffell_2020::chunk::4d81ee9141cb;ruffell_2020::chunk::62003914ce28;ruffell_2020::chunk::a4850c6e2767;ruffell_2020::chunk::b04afb49b95d;ruffell_2020::chunk::c9dff5ca1f0d;ruffell_2020::chunk::e8d5573b16a8;ruffell_2023::chunk::0b7f36d19a2e;ruffell_2023::chunk::0e15604b8ed4;ruffell_2023::chunk::0eebffeda8b5;ruffell_2023::chunk::18a36bc3f3a4;ruffell_2023::chunk::32fb906025f6;ruffell_2023::chunk::50c6242e77d9;ruffell_2023::chunk::52213b64ffee;ruffell_2023::chunk::9603179454b2;ruffell_2023::chunk::e9b72429f8eb,malcolm_2023::chunk::7f4b184834c1;malcolm_2023::chunk::9dfa64780b09;malcolm_2023::chunk::b08b385b2756;malcolm_2023::chunk::d8148a2d31f5;ruffell_2020::chunk::4d81ee9141cb;ruffell_2020::chunk::62003914ce28;ruffell_2020::chunk::a4850c6e2767;ruffell_2020::chunk::b04afb49b95d;ruffell_2020::chunk::c9dff5ca1f0d;ruffell_2020::chunk::e8d5573b16a8;ruffell_2023::chunk::0b7f36d19a2e;ruffell_2023::chunk::0e15604b8ed4;ruffell_2023::chunk::0eebffeda8b5;ruffell_2023::chunk::18a36bc3f3a4;ruffell_2023::chunk::32fb906025f6;ruffell_2023::chunk::50c6242e77d9;ruffell_2023::chunk::52213b64ffee;ruffell_2023::chunk::9603179454b2;ruffell_2023::chunk::e9b72429f8eb
atypical_ad|belladonna,belladonna,atypical_ad,0,0,0,0,,,,,
atypical_ad|benzodiazepines,atypical_ad,benzodiazepines,0,0,0,0,,,,,
atypical_ad|beta_blockers,atypical_ad,beta_blockers,0,0,0,0,,,,,
atypical_ad|beta_blockers_ccb,atypical_ad,beta_blockers_ccb,0,0,0,0,,,,,
atypical_ad|brugmansia,brugmansia,atypical_ad,0,0,0,0,,,,,
atypical_ad|calcium_channel_blockers,atypical_ad,calcium_channel_blockers,0,0,0,0,,,,,
atypical_ad|cannabis,cannabis,atypical_ad,0,0,0,0,,,,,
atypical_ad|clonidine,atypical_ad,clonidine,0,0,0,0,,,,,
atypical_ad|clonidine_guanfacine,atypical_ad,clonidine_guanfacine,0,0,0,0,,,,,
atypical_ad|cocaine,atypical_ad,cocaine,1,0,1,1,baldo_2018,Opioid analgesic drugs and serotonin toxicity syndrome_mechanisms animal models and links to clinical effects,baldo_2018::chunk::1e917052d16f,,baldo_2018::chunk::1e917052d16f
atypical_ad|dox,atypical_ad,dox,0,0,0,0,,,,,
atypical_ad|five_meo_dmt,five_meo_dmt,atypical_ad,0,0,0,0,,,,,
atypical_ad|guanfacine,atypical_ad,guanfacine,0,0,0,0,,,,,
atypical_ad|iboga,atypical_ad,iboga,0,0,0,0,,,,,
atypical_ad|kambo,kambo,atypical_ad,0,0,0,0,,,,,
atypical_ad|ketamine,atypical_ad,ketamine,1,0,1,1,veraart_2021,Pharmacodynamic Interactions Between Ketamine and Psychiatric Medications Used in the Treatment of Depression: A Systematic Review,veraart_2021::chunk::24ed35b48007,,veraart_2021::chunk::24ed35b48007
atypical_ad|lamotrigine,atypical_ad,lamotrigine,0,0,0,0,,,,,
atypical_ad|lithium,atypical_ad,lithium,1,1,2,2,baldo_2018;gillman_2023,Monoamine oxidase inhibitors and clinically relevant drug interactions | Opioid analgesic drugs and serotonin toxicity syndrome_mechanisms animal models and links to clinical effects,baldo_2018::chunk::1e917052d16f,gillman_2023::chunk::12fd6d056da6,baldo_2018::chunk::1e917052d16f;gillman_2023::chunk::12fd6d056da6
atypical_ad|lsd,lsd,atypical_ad,1,3,4,3,baldo_2018;halman_2024;schmid_2015_a,"Drug-drug interactions involving classic psychedelics: A systematic review | Interactions between bupropion and 3,4-methylenedioxymethamphetamine in healthy subjects | Opioid analgesic drugs and serotonin toxicity syndrome_mechanisms animal models and links to clinical effects",baldo_2018::chunk::1e917052d16f,halman_2024::chunk::4400ec57461e;halman_2024::chunk::dfd1bb7a18b8;schmid_2015_a::chunk::ffa7efc60709,baldo_2018::chunk::1e917052d16f;halman_2024::chunk::4400ec57461e;halman_2024::chunk::dfd1bb7a18b8;schmid_2015_a::chunk::ffa7efc60709
atypical_ad|maoi_pharma,maoi_pharma,atypical_ad,0,14,14,2,gillman_2023;malcolm_2023,"Ayahuasca and Drug Interaction: The Good, the Bad, and the Soul | Monoamine oxidase inhibitors and clinically relevant drug interactions",,gillman_2023::chunk::530406309c44;gillman_2023::chunk::6631e88f6197;gillman_2023::chunk::738ca8bf9095;gillman_2023::chunk::84c1833df1a8;gillman_2023::chunk::91378615dfb3;gillman_2023::chunk::91c975178a34;gillman_2023::chunk::9a2e9c712d52;gillman_2023::chunk::a135d87c557e;gillman_2023::chunk::b8d66db543c2;gillman_2023::chunk::df51155c5328;gillman_2023::chunk::fdb36125c7b2;malcolm_2023::chunk::0a92fbaae0fa;malcolm_2023::chunk::c4baa8d977e4;malcolm_2023::chunk::d5c39ea43721,gillman_2023::chunk::530406309c44;gillman_2023::chunk::6631e88f6197;gillman_2023::chunk::738ca8bf9095;gillman_2023::chunk::84c1833df1a8;gillman_2023::chunk::91378615dfb3;gillman_2023::chunk::91c975178a34;gillman_2023::chunk::9a2e9c712d52;gillman_2023::chunk::a135d87c557e;gillman_2023::chunk::b8d66db543c2;gillman_2023::chunk::df51155c5328;gillman_2023::chunk::fdb36125c7b2;malcolm_2023::chunk::0a92fbaae0fa;malcolm_2023::chunk::c4baa8d977e4;malcolm_2023::chunk::d5c39ea43721
atypical_ad|mdma,atypical_ad,mdma,1,4,5,2,cohen_2021;schmid_2015_a,"Concomitant drugs associated with increased mortality for MDMA users reported in a drug safety surveillance database | Interactions between bupropion and 3,4-methylenedioxymethamphetamine in healthy subjects",cohen_2021::chunk::7ccc099822df,schmid_2015_a::chunk::18b3b805afe9;schmid_2015_a::chunk::521b031e4bf9;schmid_2015_a::chunk::9851c738946f;schmid_2015_a::chunk::e53d49d98afa,cohen_2021::chunk::7ccc099822df;schmid_2015_a::chunk::18b3b805afe9;schmid_2015_a::chunk::521b031e4bf9;schmid_2015_a::chunk::9851c738946f;schmid_2015_a::chunk::e53d49d98afa
atypical_ad|mescaline_peyote,mescaline_peyote,atypical_ad,0,0,0,0,,,,,
atypical_ad|methylphenidate,atypical_ad,methylphenidate,0,0,0,0,,,,,
atypical_ad|nbome_series,atypical_ad,nbome_series,0,0,0,0,,,,,
atypical_ad|ndri_bupropion,atypical_ad,ndri_bupropion,0,4,4,1,schmid_2015_a,"Interactions between bupropion and 3,4-methylenedioxymethamphetamine in healthy subjects",,schmid_2015_a::chunk::237b11fcaa84;schmid_2015_a::chunk::45217f0ffa73;schmid_2015_a::chunk::7e2a245a8130;schmid_2015_a::chunk::9519a6b13019,schmid_2015_a::chunk::237b11fcaa84;schmid_2015_a::chunk::45217f0ffa73;schmid_2015_a::chunk::7e2a245a8130;schmid_2015_a::chunk::9519a6b13019
atypical_ad|nn_dmt,nn_dmt,atypical_ad,0,5,5,2,malcolm_2023;ruffell_2020,"Ayahuasca and Drug Interaction: The Good, the Bad, and the Soul | The pharmacological interaction of compounds in ayahuasca: a systematic review",,malcolm_2023::chunk::c115fff54eba;ruffell_2020::chunk::2e4b273d12f3;ruffell_2020::chunk::3b2fd0f128a6;ruffell_2020::chunk::52ffeca03d9f;ruffell_2020::chunk::c72b2f73e595,malcolm_2023::chunk::c115fff54eba;ruffell_2020::chunk::2e4b273d12f3;ruffell_2020::chunk::3b2fd0f128a6;ruffell_2020::chunk::52ffeca03d9f;ruffell_2020::chunk::c72b2f73e595
atypical_ad|psilocybin,psilocybin,atypical_ad,1,1,2,2,halman_2024;thomas_2024,Drug-drug interactions involving classic psychedelics: A systematic review | Toxicology and Pharmacological Interactions of Classic Psychedelics,thomas_2024::chunk::0dc8a69bc4a3,halman_2024::chunk::3034cb6a7fd1,halman_2024::chunk::3034cb6a7fd1;thomas_2024::chunk::0dc8a69bc4a3
atypical_ad|salvia,salvia,atypical_ad,0,0,0,0,,,,,
atypical_ad|serotonergic_opioids,atypical_ad,serotonergic_opioids,1,0,1,1,baldo_2018,Opioid analgesic drugs and serotonin toxicity syndrome_mechanisms animal models and links to clinical effects,baldo_2018::chunk::1e917052d16f,,baldo_2018::chunk::1e917052d16f
atypical_ad|snri,snri,atypical_ad,1,0,1,1,cohen_2021,Concomitant drugs associated with increased mortality for MDMA users reported in a drug safety surveillance database,cohen_2021::chunk::7ccc099822df,,cohen_2021::chunk::7ccc099822df
atypical_ad|ssri,ssri,atypical_ad,2,0,2,2,baldo_2018;cohen_2021,Concomitant drugs associated with increased mortality for MDMA users reported in a drug safety surveillance database | Opioid analgesic drugs and serotonin toxicity syndrome_mechanisms animal models and links to clinical effects,baldo_2018::chunk::1e917052d16f;cohen_2021::chunk::7ccc099822df,,baldo_2018::chunk::1e917052d16f;cohen_2021::chunk::7ccc099822df
atypical_ad|tobacco_rape,tobacco_rape,atypical_ad,0,1,1,1,schmid_2015_a,"Interactions between bupropion and 3,4-methylenedioxymethamphetamine in healthy subjects",,schmid_2015_a::chunk::39c967e598af,schmid_2015_a::chunk::39c967e598af
atypical_ad|tricyclic_ad,tricyclic_ad,atypical_ad,1,0,1,1,cohen_2021,Concomitant drugs associated with increased mortality for MDMA users reported in a drug safety surveillance database,cohen_2021::chunk::7ccc099822df,,cohen_2021::chunk::7ccc099822df
atypical_ad|two_c_x,atypical_ad,two_c_x,0,0,0,0,,,,,
atypical_ad|yopo,yopo,atypical_ad,0,0,0,0,,,,,
ayahuasca|ayahuasca,ayahuasca,ayahuasca,0,19,19,3,malcolm_2023;ruffell_2020;ruffell_2023,"Ayahuasca and Drug Interaction: The Good, the Bad, and the Soul | Ayahuasca: A review of historical, pharmacological, and therapeutic aspects | The pharmacological interaction of compounds in ayahuasca: a systematic review",,malcolm_2023::chunk::7f4b184834c1;malcolm_2023::chunk::9dfa64780b09;malcolm_2023::chunk::b08b385b2756;malcolm_2023::chunk::d8148a2d31f5;ruffell_2020::chunk::4d81ee9141cb;ruffell_2020::chunk::62003914ce28;ruffell_2020::chunk::a4850c6e2767;ruffell_2020::chunk::b04afb49b95d;ruffell_2020::chunk::c9dff5ca1f0d;ruffell_2020::chunk::e8d5573b16a8;ruffell_2023::chunk::0b7f36d19a2e;ruffell_2023::chunk::0e15604b8ed4;ruffell_2023::chunk::0eebffeda8b5;ruffell_2023::chunk::18a36bc3f3a4;ruffell_2023::chunk::32fb906025f6;ruffell_2023::chunk::50c6242e77d9;ruffell_2023::chunk::52213b64ffee;ruffell_2023::chunk::9603179454b2;ruffell_2023::chunk::e9b72429f8eb,malcolm_2023::chunk::7f4b184834c1;malcolm_2023::chunk::9dfa64780b09;malcolm_2023::chunk::b08b385b2756;malcolm_2023::chunk::d8148a2d31f5;ruffell_2020::chunk::4d81ee9141cb;ruffell_2020::chunk::62003914ce28;ruffell_2020::chunk::a4850c6e2767;ruffell_2020::chunk::b04afb49b95d;ruffell_2020::chunk::c9dff5ca1f0d;ruffell_2020::chunk::e8d5573b16a8;ruffell_2023::chunk::0b7f36d19a2e;ruffell_2023::chunk::0e15604b8ed4;ruffell_2023::chunk::0eebffeda8b5;ruffell_2023::chunk::18a36bc3f3a4;ruffell_2023::chunk::32fb906025f6;ruffell_2023::chunk::50c6242e77d9;ruffell_2023::chunk::52213b64ffee;ruffell_2023::chunk::9603179454b2;ruffell_2023::chunk::e9b72429f8eb
ayahuasca|belladonna,ayahuasca,belladonna,0,19,19,3,malcolm_2023;ruffell_2020;ruffell_2023,"Ayahuasca and Drug Interaction: The Good, the Bad, and the Soul | Ayahuasca: A review of historical, pharmacological, and therapeutic aspects | The pharmacological interaction of compounds in ayahuasca: a systematic review",,malcolm_2023::chunk::7f4b184834c1;malcolm_2023::chunk::9dfa64780b09;malcolm_2023::chunk::b08b385b2756;malcolm_2023::chunk::d8148a2d31f5;ruffell_2020::chunk::4d81ee9141cb;ruffell_2020::chunk::62003914ce28;ruffell_2020::chunk::a4850c6e2767;ruffell_2020::chunk::b04afb49b95d;ruffell_2020::chunk::c9dff5ca1f0d;ruffell_2020::chunk::e8d5573b16a8;ruffell_2023::chunk::0b7f36d19a2e;ruffell_2023::chunk::0e15604b8ed4;ruffell_2023::chunk::0eebffeda8b5;ruffell_2023::chunk::18a36bc3f3a4;ruffell_2023::chunk::32fb906025f6;ruffell_2023::chunk::50c6242e77d9;ruffell_2023::chunk::52213b64ffee;ruffell_2023::chunk::9603179454b2;ruffell_2023::chunk::e9b72429f8eb,malcolm_2023::chunk::7f4b184834c1;malcolm_2023::chunk::9dfa64780b09;malcolm_2023::chunk::b08b385b2756;malcolm_2023::chunk::d8148a2d31f5;ruffell_2020::chunk::4d81ee9141cb;ruffell_2020::chunk::62003914ce28;ruffell_2020::chunk::a4850c6e2767;ruffell_2020::chunk::b04afb49b95d;ruffell_2020::chunk::c9dff5ca1f0d;ruffell_2020::chunk::e8d5573b16a8;ruffell_2023::chunk::0b7f36d19a2e;ruffell_2023::chunk::0e15604b8ed4;ruffell_2023::chunk::0eebffeda8b5;ruffell_2023::chunk::18a36bc3f3a4;ruffell_2023::chunk::32fb906025f6;ruffell_2023::chunk::50c6242e77d9;ruffell_2023::chunk::52213b64ffee;ruffell_2023::chunk::9603179454b2;ruffell_2023::chunk::e9b72429f8eb
ayahuasca|benzodiazepines,ayahuasca,benzodiazepines,0,19,19,3,malcolm_2023;ruffell_2020;ruffell_2023,"Ayahuasca and Drug Interaction: The Good, the Bad, and the Soul | Ayahuasca: A review of historical, pharmacological, and therapeutic aspects | The pharmacological interaction of compounds in ayahuasca: a systematic review",,malcolm_2023::chunk::7f4b184834c1;malcolm_2023::chunk::9dfa64780b09;malcolm_2023::chunk::b08b385b2756;malcolm_2023::chunk::d8148a2d31f5;ruffell_2020::chunk::4d81ee9141cb;ruffell_2020::chunk::62003914ce28;ruffell_2020::chunk::a4850c6e2767;ruffell_2020::chunk::b04afb49b95d;ruffell_2020::chunk::c9dff5ca1f0d;ruffell_2020::chunk::e8d5573b16a8;ruffell_2023::chunk::0b7f36d19a2e;ruffell_2023::chunk::0e15604b8ed4;ruffell_2023::chunk::0eebffeda8b5;ruffell_2023::chunk::18a36bc3f3a4;ruffell_2023::chunk::32fb906025f6;ruffell_2023::chunk::50c6242e77d9;ruffell_2023::chunk::52213b64ffee;ruffell_2023::chunk::9603179454b2;ruffell_2023::chunk::e9b72429f8eb,malcolm_2023::chunk::7f4b184834c1;malcolm_2023::chunk::9dfa64780b09;malcolm_2023::chunk::b08b385b2756;malcolm_2023::chunk::d8148a2d31f5;ruffell_2020::chunk::4d81ee9141cb;ruffell_2020::chunk::62003914ce28;ruffell_2020::chunk::a4850c6e2767;ruffell_2020::chunk::b04afb49b95d;ruffell_2020::chunk::c9dff5ca1f0d;ruffell_2020::chunk::e8d5573b16a8;ruffell_2023::chunk::0b7f36d19a2e;ruffell_2023::chunk::0e15604b8ed4;ruffell_2023::chunk::0eebffeda8b5;ruffell_2023::chunk::18a36bc3f3a4;ruffell_2023::chunk::32fb906025f6;ruffell_2023::chunk::50c6242e77d9;ruffell_2023::chunk::52213b64ffee;ruffell_2023::chunk::9603179454b2;ruffell_2023::chunk::e9b72429f8eb
ayahuasca|beta_blockers,ayahuasca,beta_blockers,0,19,19,3,malcolm_2023;ruffell_2020;ruffell_2023,"Ayahuasca and Drug Interaction: The Good, the Bad, and the Soul | Ayahuasca: A review of historical, pharmacological, and therapeutic aspects | The pharmacological interaction of compounds in ayahuasca: a systematic review",,malcolm_2023::chunk::7f4b184834c1;malcolm_2023::chunk::9dfa64780b09;malcolm_2023::chunk::b08b385b2756;malcolm_2023::chunk::d8148a2d31f5;ruffell_2020::chunk::4d81ee9141cb;ruffell_2020::chunk::62003914ce28;ruffell_2020::chunk::a4850c6e2767;ruffell_2020::chunk::b04afb49b95d;ruffell_2020::chunk::c9dff5ca1f0d;ruffell_2020::chunk::e8d5573b16a8;ruffell_2023::chunk::0b7f36d19a2e;ruffell_2023::chunk::0e15604b8ed4;ruffell_2023::chunk::0eebffeda8b5;ruffell_2023::chunk::18a36bc3f3a4;ruffell_2023::chunk::32fb906025f6;ruffell_2023::chunk::50c6242e77d9;ruffell_2023::chunk::52213b64ffee;ruffell_2023::chunk::9603179454b2;ruffell_2023::chunk::e9b72429f8eb,malcolm_2023::chunk::7f4b184834c1;malcolm_2023::chunk::9dfa64780b09;malcolm_2023::chunk::b08b385b2756;malcolm_2023::chunk::d8148a2d31f5;ruffell_2020::chunk::4d81ee9141cb;ruffell_2020::chunk::62003914ce28;ruffell_2020::chunk::a4850c6e2767;ruffell_2020::chunk::b04afb49b95d;ruffell_2020::chunk::c9dff5ca1f0d;ruffell_2020::chunk::e8d5573b16a8;ruffell_2023::chunk::0b7f36d19a2e;ruffell_2023::chunk::0e15604b8ed4;ruffell_2023::chunk::0eebffeda8b5;ruffell_2023::chunk::18a36bc3f3a4;ruffell_2023::chunk::32fb906025f6;ruffell_2023::chunk::50c6242e77d9;ruffell_2023::chunk::52213b64ffee;ruffell_2023::chunk::9603179454b2;ruffell_2023::chunk::e9b72429f8eb
ayahuasca|beta_blockers_ccb,ayahuasca,beta_blockers_ccb,0,19,19,3,malcolm_2023;ruffell_2020;ruffell_2023,"Ayahuasca and Drug Interaction: The Good, the Bad, and the Soul | Ayahuasca: A review of historical, pharmacological, and therapeutic aspects | The pharmacological interaction of compounds in ayahuasca: a systematic review",,malcolm_2023::chunk::7f4b184834c1;malcolm_2023::chunk::9dfa64780b09;malcolm_2023::chunk::b08b385b2756;malcolm_2023::chunk::d8148a2d31f5;ruffell_2020::chunk::4d81ee9141cb;ruffell_2020::chunk::62003914ce28;ruffell_2020::chunk::a4850c6e2767;ruffell_2020::chunk::b04afb49b95d;ruffell_2020::chunk::c9dff5ca1f0d;ruffell_2020::chunk::e8d5573b16a8;ruffell_2023::chunk::0b7f36d19a2e;ruffell_2023::chunk::0e15604b8ed4;ruffell_2023::chunk::0eebffeda8b5;ruffell_2023::chunk::18a36bc3f3a4;ruffell_2023::chunk::32fb906025f6;ruffell_2023::chunk::50c6242e77d9;ruffell_2023::chunk::52213b64ffee;ruffell_2023::chunk::9603179454b2;ruffell_2023::chunk::e9b72429f8eb,malcolm_2023::chunk::7f4b184834c1;malcolm_2023::chunk::9dfa64780b09;malcolm_2023::chunk::b08b385b2756;malcolm_2023::chunk::d8148a2d31f5;ruffell_2020::chunk::4d81ee9141cb;ruffell_2020::chunk::62003914ce28;ruffell_2020::chunk::a4850c6e2767;ruffell_2020::chunk::b04afb49b95d;ruffell_2020::chunk::c9dff5ca1f0d;ruffell_2020::chunk::e8d5573b16a8;ruffell_2023::chunk::0b7f36d19a2e;ruffell_2023::chunk::0e15604b8ed4;ruffell_2023::chunk::0eebffeda8b5;ruffell_2023::chunk::18a36bc3f3a4;ruffell_2023::chunk::32fb906025f6;ruffell_2023::chunk::50c6242e77d9;ruffell_2023::chunk::52213b64ffee;ruffell_2023::chunk::9603179454b2;ruffell_2023::chunk::e9b72429f8eb
ayahuasca|brugmansia,ayahuasca,brugmansia,0,19,19,3,malcolm_2023;ruffell_2020;ruffell_2023,"Ayahuasca and Drug Interaction: The Good, the Bad, and the Soul | Ayahuasca: A review of historical, pharmacological, and therapeutic aspects | The pharmacological interaction of compounds in ayahuasca: a systematic review",,malcolm_2023::chunk::7f4b184834c1;malcolm_2023::chunk::9dfa64780b09;malcolm_2023::chunk::b08b385b2756;malcolm_2023::chunk::d8148a2d31f5;ruffell_2020::chunk::4d81ee9141cb;ruffell_2020::chunk::62003914ce28;ruffell_2020::chunk::a4850c6e2767;ruffell_2020::chunk::b04afb49b95d;ruffell_2020::chunk::c9dff5ca1f0d;ruffell_2020::chunk::e8d5573b16a8;ruffell_2023::chunk::0b7f36d19a2e;ruffell_2023::chunk::0e15604b8ed4;ruffell_2023::chunk::0eebffeda8b5;ruffell_2023::chunk::18a36bc3f3a4;ruffell_2023::chunk::32fb906025f6;ruffell_2023::chunk::50c6242e77d9;ruffell_2023::chunk::52213b64ffee;ruffell_2023::chunk::9603179454b2;ruffell_2023::chunk::e9b72429f8eb,malcolm_2023::chunk::7f4b184834c1;malcolm_2023::chunk::9dfa64780b09;malcolm_2023::chunk::b08b385b2756;malcolm_2023::chunk::d8148a2d31f5;ruffell_2020::chunk::4d81ee9141cb;ruffell_2020::chunk::62003914ce28;ruffell_2020::chunk::a4850c6e2767;ruffell_2020::chunk::b04afb49b95d;ruffell_2020::chunk::c9dff5ca1f0d;ruffell_2020::chunk::e8d5573b16a8;ruffell_2023::chunk::0b7f36d19a2e;ruffell_2023::chunk::0e15604b8ed4;ruffell_2023::chunk::0eebffeda8b5;ruffell_2023::chunk::18a36bc3f3a4;ruffell_2023::chunk::32fb906025f6;ruffell_2023::chunk::50c6242e77d9;ruffell_2023::chunk::52213b64ffee;ruffell_2023::chunk::9603179454b2;ruffell_2023::chunk::e9b72429f8eb
ayahuasca|calcium_channel_blockers,ayahuasca,calcium_channel_blockers,0,19,19,3,malcolm_2023;ruffell_2020;ruffell_2023,"Ayahuasca and Drug Interaction: The Good, the Bad, and the Soul | Ayahuasca: A review of historical, pharmacological, and therapeutic aspects | The pharmacological interaction of compounds in ayahuasca: a systematic review",,malcolm_2023::chunk::7f4b184834c1;malcolm_2023::chunk::9dfa64780b09;malcolm_2023::chunk::b08b385b2756;malcolm_2023::chunk::d8148a2d31f5;ruffell_2020::chunk::4d81ee9141cb;ruffell_2020::chunk::62003914ce28;ruffell_2020::chunk::a4850c6e2767;ruffell_2020::chunk::b04afb49b95d;ruffell_2020::chunk::c9dff5ca1f0d;ruffell_2020::chunk::e8d5573b16a8;ruffell_2023::chunk::0b7f36d19a2e;ruffell_2023::chunk::0e15604b8ed4;ruffell_2023::chunk::0eebffeda8b5;ruffell_2023::chunk::18a36bc3f3a4;ruffell_2023::chunk::32fb906025f6;ruffell_2023::chunk::50c6242e77d9;ruffell_2023::chunk::52213b64ffee;ruffell_2023::chunk::9603179454b2;ruffell_2023::chunk::e9b72429f8eb,malcolm_2023::chunk::7f4b184834c1;malcolm_2023::chunk::9dfa64780b09;malcolm_2023::chunk::b08b385b2756;malcolm_2023::chunk::d8148a2d31f5;ruffell_2020::chunk::4d81ee9141cb;ruffell_2020::chunk::62003914ce28;ruffell_2020::chunk::a4850c6e2767;ruffell_2020::chunk::b04afb49b95d;ruffell_2020::chunk::c9dff5ca1f0d;ruffell_2020::chunk::e8d5573b16a8;ruffell_2023::chunk::0b7f36d19a2e;ruffell_2023::chunk::0e15604b8ed4;ruffell_2023::chunk::0eebffeda8b5;ruffell_2023::chunk::18a36bc3f3a4;ruffell_2023::chunk::32fb906025f6;ruffell_2023::chunk::50c6242e77d9;ruffell_2023::chunk::52213b64ffee;ruffell_2023::chunk::9603179454b2;ruffell_2023::chunk::e9b72429f8eb
ayahuasca|cannabis,ayahuasca,cannabis,0,19,19,3,malcolm_2023;ruffell_2020;ruffell_2023,"Ayahuasca and Drug Interaction: The Good, the Bad, and the Soul | Ayahuasca: A review of historical, pharmacological, and therapeutic aspects | The pharmacological interaction of compounds in ayahuasca: a systematic review",,malcolm_2023::chunk::7f4b184834c1;malcolm_2023::chunk::9dfa64780b09;malcolm_2023::chunk::b08b385b2756;malcolm_2023::chunk::d8148a2d31f5;ruffell_2020::chunk::4d81ee9141cb;ruffell_2020::chunk::62003914ce28;ruffell_2020::chunk::a4850c6e2767;ruffell_2020::chunk::b04afb49b95d;ruffell_2020::chunk::c9dff5ca1f0d;ruffell_2020::chunk::e8d5573b16a8;ruffell_2023::chunk::0b7f36d19a2e;ruffell_2023::chunk::0e15604b8ed4;ruffell_2023::chunk::0eebffeda8b5;ruffell_2023::chunk::18a36bc3f3a4;ruffell_2023::chunk::32fb906025f6;ruffell_2023::chunk::50c6242e77d9;ruffell_2023::chunk::52213b64ffee;ruffell_2023::chunk::9603179454b2;ruffell_2023::chunk::e9b72429f8eb,malcolm_2023::chunk::7f4b184834c1;malcolm_2023::chunk::9dfa64780b09;malcolm_2023::chunk::b08b385b2756;malcolm_2023::chunk::d8148a2d31f5;ruffell_2020::chunk::4d81ee9141cb;ruffell_2020::chunk::62003914ce28;ruffell_2020::chunk::a4850c6e2767;ruffell_2020::chunk::b04afb49b95d;ruffell_2020::chunk::c9dff5ca1f0d;ruffell_2020::chunk::e8d5573b16a8;ruffell_2023::chunk::0b7f36d19a2e;ruffell_2023::chunk::0e15604b8ed4;ruffell_2023::chunk::0eebffeda8b5;ruffell_2023::chunk::18a36bc3f3a4;ruffell_2023::chunk::32fb906025f6;ruffell_2023::chunk::50c6242e77d9;ruffell_2023::chunk::52213b64ffee;ruffell_2023::chunk::9603179454b2;ruffell_2023::chunk::e9b72429f8eb
ayahuasca|clonidine,ayahuasca,clonidine,0,19,19,3,malcolm_2023;ruffell_2020;ruffell_2023,"Ayahuasca and Drug Interaction: The Good, the Bad, and the Soul | Ayahuasca: A review of historical, pharmacological, and therapeutic aspects | The pharmacological interaction of compounds in ayahuasca: a systematic review",,malcolm_2023::chunk::7f4b184834c1;malcolm_2023::chunk::9dfa64780b09;malcolm_2023::chunk::b08b385b2756;malcolm_2023::chunk::d8148a2d31f5;ruffell_2020::chunk::4d81ee9141cb;ruffell_2020::chunk::62003914ce28;ruffell_2020::chunk::a4850c6e2767;ruffell_2020::chunk::b04afb49b95d;ruffell_2020::chunk::c9dff5ca1f0d;ruffell_2020::chunk::e8d5573b16a8;ruffell_2023::chunk::0b7f36d19a2e;ruffell_2023::chunk::0e15604b8ed4;ruffell_2023::chunk::0eebffeda8b5;ruffell_2023::chunk::18a36bc3f3a4;ruffell_2023::chunk::32fb906025f6;ruffell_2023::chunk::50c6242e77d9;ruffell_2023::chunk::52213b64ffee;ruffell_2023::chunk::9603179454b2;ruffell_2023::chunk::e9b72429f8eb,malcolm_2023::chunk::7f4b184834c1;malcolm_2023::chunk::9dfa64780b09;malcolm_2023::chunk::b08b385b2756;malcolm_2023::chunk::d8148a2d31f5;ruffell_2020::chunk::4d81ee9141cb;ruffell_2020::chunk::62003914ce28;ruffell_2020::chunk::a4850c6e2767;ruffell_2020::chunk::b04afb49b95d;ruffell_2020::chunk::c9dff5ca1f0d;ruffell_2020::chunk::e8d5573b16a8;ruffell_2023::chunk::0b7f36d19a2e;ruffell_2023::chunk::0e15604b8ed4;ruffell_2023::chunk::0eebffeda8b5;ruffell_2023::chunk::18a36bc3f3a4;ruffell_2023::chunk::32fb906025f6;ruffell_2023::chunk::50c6242e77d9;ruffell_2023::chunk::52213b64ffee;ruffell_2023::chunk::9603179454b2;ruffell_2023::chunk::e9b72429f8eb
ayahuasca|clonidine_guanfacine,ayahuasca,clonidine_guanfacine,0,19,19,3,malcolm_2023;ruffell_2020;ruffell_2023,"Ayahuasca and Drug Interaction: The Good, the Bad, and the Soul | Ayahuasca: A review of historical, pharmacological, and therapeutic aspects | The pharmacological interaction of compounds in ayahuasca: a systematic review",,malcolm_2023::chunk::7f4b184834c1;malcolm_2023::chunk::9dfa64780b09;malcolm_2023::chunk::b08b385b2756;malcolm_2023::chunk::d8148a2d31f5;ruffell_2020::chunk::4d81ee9141cb;ruffell_2020::chunk::62003914ce28;ruffell_2020::chunk::a4850c6e2767;ruffell_2020::chunk::b04afb49b95d;ruffell_2020::chunk::c9dff5ca1f0d;ruffell_2020::chunk::e8d5573b16a8;ruffell_2023::chunk::0b7f36d19a2e;ruffell_2023::chunk::0e15604b8ed4;ruffell_2023::chunk::0eebffeda8b5;ruffell_2023::chunk::18a36bc3f3a4;ruffell_2023::chunk::32fb906025f6;ruffell_2023::chunk::50c6242e77d9;ruffell_2023::chunk::52213b64ffee;ruffell_2023::chunk::9603179454b2;ruffell_2023::chunk::e9b72429f8eb,malcolm_2023::chunk::7f4b184834c1;malcolm_2023::chunk::9dfa64780b09;malcolm_2023::chunk::b08b385b2756;malcolm_2023::chunk::d8148a2d31f5;ruffell_2020::chunk::4d81ee9141cb;ruffell_2020::chunk::62003914ce28;ruffell_2020::chunk::a4850c6e2767;ruffell_2020::chunk::b04afb49b95d;ruffell_2020::chunk::c9dff5ca1f0d;ruffell_2020::chunk::e8d5573b16a8;ruffell_2023::chunk::0b7f36d19a2e;ruffell_2023::chunk::0e15604b8ed4;ruffell_2023::chunk::0eebffeda8b5;ruffell_2023::chunk::18a36bc3f3a4;ruffell_2023::chunk::32fb906025f6;ruffell_2023::chunk::50c6242e77d9;ruffell_2023::chunk::52213b64ffee;ruffell_2023::chunk::9603179454b2;ruffell_2023::chunk::e9b72429f8eb
ayahuasca|cocaine,ayahuasca,cocaine,1,19,20,3,malcolm_2023;ruffell_2020;ruffell_2023,"Ayahuasca and Drug Interaction: The Good, the Bad, and the Soul | Ayahuasca: A review of historical, pharmacological, and therapeutic aspects | The pharmacological interaction of compounds in ayahuasca: a systematic review",ruffell_2023::chunk::ae332f5b19b5,malcolm_2023::chunk::7f4b184834c1;malcolm_2023::chunk::9dfa64780b09;malcolm_2023::chunk::b08b385b2756;malcolm_2023::chunk::d8148a2d31f5;ruffell_2020::chunk::4d81ee9141cb;ruffell_2020::chunk::62003914ce28;ruffell_2020::chunk::a4850c6e2767;ruffell_2020::chunk::b04afb49b95d;ruffell_2020::chunk::c9dff5ca1f0d;ruffell_2020::chunk::e8d5573b16a8;ruffell_2023::chunk::0b7f36d19a2e;ruffell_2023::chunk::0e15604b8ed4;ruffell_2023::chunk::0eebffeda8b5;ruffell_2023::chunk::18a36bc3f3a4;ruffell_2023::chunk::32fb906025f6;ruffell_2023::chunk::50c6242e77d9;ruffell_2023::chunk::52213b64ffee;ruffell_2023::chunk::9603179454b2;ruffell_2023::chunk::e9b72429f8eb,malcolm_2023::chunk::7f4b184834c1;malcolm_2023::chunk::9dfa64780b09;malcolm_2023::chunk::b08b385b2756;malcolm_2023::chunk::d8148a2d31f5;ruffell_2020::chunk::4d81ee9141cb;ruffell_2020::chunk::62003914ce28;ruffell_2020::chunk::a4850c6e2767;ruffell_2020::chunk::b04afb49b95d;ruffell_2020::chunk::c9dff5ca1f0d;ruffell_2020::chunk::e8d5573b16a8;ruffell_2023::chunk::0b7f36d19a2e;ruffell_2023::chunk::0e15604b8ed4;ruffell_2023::chunk::0eebffeda8b5;ruffell_2023::chunk::18a36bc3f3a4;ruffell_2023::chunk::32fb906025f6;ruffell_2023::chunk::50c6242e77d9;ruffell_2023::chunk::52213b64ffee;ruffell_2023::chunk::9603179454b2;ruffell_2023::chunk::ae332f5b19b5;ruffell_2023::chunk::e9b72429f8eb
ayahuasca|dox,ayahuasca,dox,0,19,19,3,malcolm_2023;ruffell_2020;ruffell_2023,"Ayahuasca and Drug Interaction: The Good, the Bad, and the Soul | Ayahuasca: A review of historical, pharmacological, and therapeutic aspects | The pharmacological interaction of compounds in ayahuasca: a systematic review",,malcolm_2023::chunk::7f4b184834c1;malcolm_2023::chunk::9dfa64780b09;malcolm_2023::chunk::b08b385b2756;malcolm_2023::chunk::d8148a2d31f5;ruffell_2020::chunk::4d81ee9141cb;ruffell_2020::chunk::62003914ce28;ruffell_2020::chunk::a4850c6e2767;ruffell_2020::chunk::b04afb49b95d;ruffell_2020::chunk::c9dff5ca1f0d;ruffell_2020::chunk::e8d5573b16a8;ruffell_2023::chunk::0b7f36d19a2e;ruffell_2023::chunk::0e15604b8ed4;ruffell_2023::chunk::0eebffeda8b5;ruffell_2023::chunk::18a36bc3f3a4;ruffell_2023::chunk::32fb906025f6;ruffell_2023::chunk::50c6242e77d9;ruffell_2023::chunk::52213b64ffee;ruffell_2023::chunk::9603179454b2;ruffell_2023::chunk::e9b72429f8eb,malcolm_2023::chunk::7f4b184834c1;malcolm_2023::chunk::9dfa64780b09;malcolm_2023::chunk::b08b385b2756;malcolm_2023::chunk::d8148a2d31f5;ruffell_2020::chunk::4d81ee9141cb;ruffell_2020::chunk::62003914ce28;ruffell_2020::chunk::a4850c6e2767;ruffell_2020::chunk::b04afb49b95d;ruffell_2020::chunk::c9dff5ca1f0d;ruffell_2020::chunk::e8d5573b16a8;ruffell_2023::chunk::0b7f36d19a2e;ruffell_2023::chunk::0e15604b8ed4;ruffell_2023::chunk::0eebffeda8b5;ruffell_2023::chunk::18a36bc3f3a4;ruffell_2023::chunk::32fb906025f6;ruffell_2023::chunk::50c6242e77d9;ruffell_2023::chunk::52213b64ffee;ruffell_2023::chunk::9603179454b2;ruffell_2023::chunk::e9b72429f8eb
ayahuasca|five_meo_dmt,ayahuasca,five_meo_dmt,5,19,24,4,halman_2024;malcolm_2023;ruffell_2020;ruffell_2023,"Ayahuasca and Drug Interaction: The Good, the Bad, and the Soul | Ayahuasca: A review of historical, pharmacological, and therapeutic aspects | Drug-drug interactions involving classic psychedelics: A systematic review | The pharmacological interaction of compounds in ayahuasca: a systematic review",halman_2024::chunk::567a1313706a;halman_2024::chunk::dfd1bb7a18b8;halman_2024::chunk::e7863b8670d9;ruffell_2020::chunk::126e542071d8;ruffell_2020::chunk::6ced3402b1de,malcolm_2023::chunk::7f4b184834c1;malcolm_2023::chunk::9dfa64780b09;malcolm_2023::chunk::b08b385b2756;malcolm_2023::chunk::d8148a2d31f5;ruffell_2020::chunk::4d81ee9141cb;ruffell_2020::chunk::62003914ce28;ruffell_2020::chunk::a4850c6e2767;ruffell_2020::chunk::b04afb49b95d;ruffell_2020::chunk::c9dff5ca1f0d;ruffell_2020::chunk::e8d5573b16a8;ruffell_2023::chunk::0b7f36d19a2e;ruffell_2023::chunk::0e15604b8ed4;ruffell_2023::chunk::0eebffeda8b5;ruffell_2023::chunk::18a36bc3f3a4;ruffell_2023::chunk::32fb906025f6;ruffell_2023::chunk::50c6242e77d9;ruffell_2023::chunk::52213b64ffee;ruffell_2023::chunk::9603179454b2;ruffell_2023::chunk::e9b72429f8eb,halman_2024::chunk::567a1313706a;halman_2024::chunk::dfd1bb7a18b8;halman_2024::chunk::e7863b8670d9;malcolm_2023::chunk::7f4b184834c1;malcolm_2023::chunk::9dfa64780b09;malcolm_2023::chunk::b08b385b2756;malcolm_2023::chunk::d8148a2d31f5;ruffell_2020::chunk::126e542071d8;ruffell_2020::chunk::4d81ee9141cb;ruffell_2020::chunk::62003914ce28;ruffell_2020::chunk::6ced3402b1de;ruffell_2020::chunk::a4850c6e2767;ruffell_2020::chunk::b04afb49b95d;ruffell_2020::chunk::c9dff5ca1f0d;ruffell_2020::chunk::e8d5573b16a8;ruffell_2023::chunk::0b7f36d19a2e;ruffell_2023::chunk::0e15604b8ed4;ruffell_2023::chunk::0eebffeda8b5;ruffell_2023::chunk::18a36bc3f3a4;ruffell_2023::chunk::32fb906025f6;ruffell_2023::chunk::50c6242e77d9;ruffell_2023::chunk::52213b64ffee;ruffell_2023::chunk::9603179454b2;ruffell_2023::chunk::e9b72429f8eb
ayahuasca|guanfacine,ayahuasca,guanfacine,0,19,19,3,malcolm_2023;ruffell_2020;ruffell_2023,"Ayahuasca and Drug Interaction: The Good, the Bad, and the Soul | Ayahuasca: A review of historical, pharmacological, and therapeutic aspects | The pharmacological interaction of compounds in ayahuasca: a systematic review",,malcolm_2023::chunk::7f4b184834c1;malcolm_2023::chunk::9dfa64780b09;malcolm_2023::chunk::b08b385b2756;malcolm_2023::chunk::d8148a2d31f5;ruffell_2020::chunk::4d81ee9141cb;ruffell_2020::chunk::62003914ce28;ruffell_2020::chunk::a4850c6e2767;ruffell_2020::chunk::b04afb49b95d;ruffell_2020::chunk::c9dff5ca1f0d;ruffell_2020::chunk::e8d5573b16a8;ruffell_2023::chunk::0b7f36d19a2e;ruffell_2023::chunk::0e15604b8ed4;ruffell_2023::chunk::0eebffeda8b5;ruffell_2023::chunk::18a36bc3f3a4;ruffell_2023::chunk::32fb906025f6;ruffell_2023::chunk::50c6242e77d9;ruffell_2023::chunk::52213b64ffee;ruffell_2023::chunk::9603179454b2;ruffell_2023::chunk::e9b72429f8eb,malcolm_2023::chunk::7f4b184834c1;malcolm_2023::chunk::9dfa64780b09;malcolm_2023::chunk::b08b385b2756;malcolm_2023::chunk::d8148a2d31f5;ruffell_2020::chunk::4d81ee9141cb;ruffell_2020::chunk::62003914ce28;ruffell_2020::chunk::a4850c6e2767;ruffell_2020::chunk::b04afb49b95d;ruffell_2020::chunk::c9dff5ca1f0d;ruffell_2020::chunk::e8d5573b16a8;ruffell_2023::chunk::0b7f36d19a2e;ruffell_2023::chunk::0e15604b8ed4;ruffell_2023::chunk::0eebffeda8b5;ruffell_2023::chunk::18a36bc3f3a4;ruffell_2023::chunk::32fb906025f6;ruffell_2023::chunk::50c6242e77d9;ruffell_2023::chunk::52213b64ffee;ruffell_2023::chunk::9603179454b2;ruffell_2023::chunk::e9b72429f8eb
ayahuasca|iboga,ayahuasca,iboga,0,0,0,0,,,,,
ayahuasca|kambo,ayahuasca,kambo,0,19,19,3,malcolm_2023;ruffell_2020;ruffell_2023,"Ayahuasca and Drug Interaction: The Good, the Bad, and the Soul | Ayahuasca: A review of historical, pharmacological, and therapeutic aspects | The pharmacological interaction of compounds in ayahuasca: a systematic review",,malcolm_2023::chunk::7f4b184834c1;malcolm_2023::chunk::9dfa64780b09;malcolm_2023::chunk::b08b385b2756;malcolm_2023::chunk::d8148a2d31f5;ruffell_2020::chunk::4d81ee9141cb;ruffell_2020::chunk::62003914ce28;ruffell_2020::chunk::a4850c6e2767;ruffell_2020::chunk::b04afb49b95d;ruffell_2020::chunk::c9dff5ca1f0d;ruffell_2020::chunk::e8d5573b16a8;ruffell_2023::chunk::0b7f36d19a2e;ruffell_2023::chunk::0e15604b8ed4;ruffell_2023::chunk::0eebffeda8b5;ruffell_2023::chunk::18a36bc3f3a4;ruffell_2023::chunk::32fb906025f6;ruffell_2023::chunk::50c6242e77d9;ruffell_2023::chunk::52213b64ffee;ruffell_2023::chunk::9603179454b2;ruffell_2023::chunk::e9b72429f8eb,malcolm_2023::chunk::7f4b184834c1;malcolm_2023::chunk::9dfa64780b09;malcolm_2023::chunk::b08b385b2756;malcolm_2023::chunk::d8148a2d31f5;ruffell_2020::chunk::4d81ee9141cb;ruffell_2020::chunk::62003914ce28;ruffell_2020::chunk::a4850c6e2767;ruffell_2020::chunk::b04afb49b95d;ruffell_2020::chunk::c9dff5ca1f0d;ruffell_2020::chunk::e8d5573b16a8;ruffell_2023::chunk::0b7f36d19a2e;ruffell_2023::chunk::0e15604b8ed4;ruffell_2023::chunk::0eebffeda8b5;ruffell_2023::chunk::18a36bc3f3a4;ruffell_2023::chunk::32fb906025f6;ruffell_2023::chunk::50c6242e77d9;ruffell_2023::chunk::52213b64ffee;ruffell_2023::chunk::9603179454b2;ruffell_2023::chunk::e9b72429f8eb
ayahuasca|ketamine,ayahuasca,ketamine,0,0,0,0,,,,,
ayahuasca|lamotrigine,ayahuasca,lamotrigine,0,0,0,0,,,,,
ayahuasca|lithium,ayahuasca,lithium,0,1,1,1,gillman_2023,Monoamine oxidase inhibitors and clinically relevant drug interactions,,gillman_2023::chunk::12fd6d056da6,gillman_2023::chunk::12fd6d056da6
ayahuasca|lsd,ayahuasca,lsd,4,3,6,2,halman_2024;schmid_2015_a,"Drug-drug interactions involving classic psychedelics: A systematic review | Interactions between bupropion and 3,4-methylenedioxymethamphetamine in healthy subjects",halman_2024::chunk::567a1313706a;halman_2024::chunk::93a8537b1ff6;halman_2024::chunk::dfd1bb7a18b8;halman_2024::chunk::e7863b8670d9,halman_2024::chunk::4400ec57461e;halman_2024::chunk::dfd1bb7a18b8;schmid_2015_a::chunk::ffa7efc60709,halman_2024::chunk::4400ec57461e;halman_2024::chunk::567a1313706a;halman_2024::chunk::93a8537b1ff6;halman_2024::chunk::dfd1bb7a18b8;halman_2024::chunk::e7863b8670d9;schmid_2015_a::chunk::ffa7efc60709
ayahuasca|maoi_pharma,ayahuasca,maoi_pharma,32,14,46,4,gillman_2023;malcolm_2023;ruffell_2020;ruffell_2023,"Ayahuasca and Drug Interaction: The Good, the Bad, and the Soul | Ayahuasca: A review of historical, pharmacological, and therapeutic aspects | Monoamine oxidase inhibitors and clinically relevant drug interactions | The pharmacological interaction of compounds in ayahuasca: a systematic review",malcolm_2023::chunk::0ed5320758d9;malcolm_2023::chunk::4aab16b012f6;malcolm_2023::chunk::699040526153;malcolm_2023::chunk::6b3eb05cda6e;malcolm_2023::chunk::8dac71652896;malcolm_2023::chunk::8e716dc33a06;malcolm_2023::chunk::c4538f807e92;malcolm_2023::chunk::e6661bd2025a;ruffell_2020::chunk::01a5376af045;ruffell_2020::chunk::0287aacc6b5c;ruffell_2020::chunk::126e542071d8;ruffell_2020::chunk::20a0626688c3;ruffell_2020::chunk::3dd1f6f3ef53;ruffell_2020::chunk::4c40bc35dfa3;ruffell_2020::chunk::4c580e6cc049;ruffell_2020::chunk::5e73d18c2cdd;ruffell_2020::chunk::64320335010d;ruffell_2020::chunk::6ced3402b1de;ruffell_2020::chunk::6f28479f3ecf;ruffell_2020::chunk::731da928b0a0;ruffell_2020::chunk::96e3e3cc0abb;ruffell_2020::chunk::9ef79e66df4b;ruffell_2020::chunk::b15c0762ccb4;ruffell_2020::chunk::bb600259c5d3;ruffell_2020::chunk::c6009e6820d4;ruffell_2020::chunk::d5390e0d6896;ruffell_2020::chunk::d53e95f1054c;ruffell_2020::chunk::da4cb62ca6d2;ruffell_2020::chunk::ddc0bf461eca;ruffell_2020::chunk::e32c5e70b313;ruffell_2023::chunk::630e92c37e57;ruffell_2023::chunk::a021280a41ca,gillman_2023::chunk::530406309c44;gillman_2023::chunk::6631e88f6197;gillman_2023::chunk::738ca8bf9095;gillman_2023::chunk::84c1833df1a8;gillman_2023::chunk::91378615dfb3;gillman_2023::chunk::91c975178a34;gillman_2023::chunk::9a2e9c712d52;gillman_2023::chunk::a135d87c557e;gillman_2023::chunk::b8d66db543c2;gillman_2023::chunk::df51155c5328;gillman_2023::chunk::fdb36125c7b2;malcolm_2023::chunk::0a92fbaae0fa;malcolm_2023::chunk::c4baa8d977e4;malcolm_2023::chunk::d5c39ea43721,gillman_2023::chunk::530406309c44;gillman_2023::chunk::6631e88f6197;gillman_2023::chunk::738ca8bf9095;gillman_2023::chunk::84c1833df1a8;gillman_2023::chunk::91378615dfb3;gillman_2023::chunk::91c975178a34;gillman_2023::chunk::9a2e9c712d52;gillman_2023::chunk::a135d87c557e;gillman_2023::chunk::b8d66db543c2;gillman_2023::chunk::df51155c5328;gillman_2023::chunk::fdb36125c7b2;malcolm_2023::chunk::0a92fbaae0fa;malcolm_2023::chunk::0ed5320758d9;malcolm_2023::chunk::4aab16b012f6;malcolm_2023::chunk::699040526153;malcolm_2023::chunk::6b3eb05cda6e;malcolm_2023::chunk::8dac71652896;malcolm_2023::chunk::8e716dc33a06;malcolm_2023::chunk::c4538f807e92;malcolm_2023::chunk::c4baa8d977e4;malcolm_2023::chunk::d5c39ea43721;malcolm_2023::chunk::e6661bd2025a;ruffell_2020::chunk::01a5376af045;ruffell_2020::chunk::0287aacc6b5c;ruffell_2020::chunk::126e542071d8;ruffell_2020::chunk::20a0626688c3;ruffell_2020::chunk::3dd1f6f3ef53;ruffell_2020::chunk::4c40bc35dfa3;ruffell_2020::chunk::4c580e6cc049;ruffell_2020::chunk::5e73d18c2cdd;ruffell_2020::chunk::64320335010d;ruffell_2020::chunk::6ced3402b1de;ruffell_2020::chunk::6f28479f3ecf;ruffell_2020::chunk::731da928b0a0;ruffell_2020::chunk::96e3e3cc0abb;ruffell_2020::chunk::9ef79e66df4b;ruffell_2020::chunk::b15c0762ccb4;ruffell_2020::chunk::bb600259c5d3;ruffell_2020::chunk::c6009e6820d4;ruffell_2020::chunk::d5390e0d6896;ruffell_2020::chunk::d53e95f1054c;ruffell_2020::chunk::da4cb62ca6d2;ruffell_2020::chunk::ddc0bf461eca;ruffell_2020::chunk::e32c5e70b313;ruffell_2023::chunk::630e92c37e57;ruffell_2023::chunk::a021280a41ca
ayahuasca|mdma,ayahuasca,mdma,0,4,4,1,schmid_2015_a,"Interactions between bupropion and 3,4-methylenedioxymethamphetamine in healthy subjects",,schmid_2015_a::chunk::18b3b805afe9;schmid_2015_a::chunk::521b031e4bf9;schmid_2015_a::chunk::9851c738946f;schmid_2015_a::chunk::e53d49d98afa,schmid_2015_a::chunk::18b3b805afe9;schmid_2015_a::chunk::521b031e4bf9;schmid_2015_a::chunk::9851c738946f;schmid_2015_a::chunk::e53d49d98afa
ayahuasca|mescaline_peyote,ayahuasca,mescaline_peyote,5,0,5,1,halman_2024,Drug-drug interactions involving classic psychedelics: A systematic review,halman_2024::chunk::567a1313706a;halman_2024::chunk::93a8537b1ff6;halman_2024::chunk::dfd1bb7a18b8;halman_2024::chunk::e5b84c172cc9;halman_2024::chunk::e7863b8670d9,,halman_2024::chunk::567a1313706a;halman_2024::chunk::93a8537b1ff6;halman_2024::chunk::dfd1bb7a18b8;halman_2024::chunk::e5b84c172cc9;halman_2024::chunk::e7863b8670d9
ayahuasca|methylphenidate,ayahuasca,methylphenidate,0,0,0,0,,,,,
ayahuasca|nbome_series,ayahuasca,nbome_series,0,0,0,0,,,,,
ayahuasca|ndri_bupropion,ayahuasca,ndri_bupropion,0,4,4,1,schmid_2015_a,"Interactions between bupropion and 3,4-methylenedioxymethamphetamine in healthy subjects",,schmid_2015_a::chunk::237b11fcaa84;schmid_2015_a::chunk::45217f0ffa73;schmid_2015_a::chunk::7e2a245a8130;schmid_2015_a::chunk::9519a6b13019,schmid_2015_a::chunk::237b11fcaa84;schmid_2015_a::chunk::45217f0ffa73;schmid_2015_a::chunk::7e2a245a8130;schmid_2015_a::chunk::9519a6b13019
ayahuasca|nn_dmt,ayahuasca,nn_dmt,41,5,46,5,halman_2024;malcolm_2023;ruffell_2020;ruffell_2023;waters_2021,"Ayahuasca and Drug Interaction: The Good, the Bad, and the Soul | Ayahuasca: A review of historical, pharmacological, and therapeutic aspects | Drug-drug interactions involving classic psychedelics: A systematic review | Pharmacologic Similarities and Differences Among Hallucinogens | The pharmacological interaction of compounds in ayahuasca: a systematic review",halman_2024::chunk::567a1313706a;halman_2024::chunk::93a8537b1ff6;halman_2024::chunk::b1296e5e7930;halman_2024::chunk::dfd1bb7a18b8;halman_2024::chunk::e5b84c172cc9;halman_2024::chunk::e7863b8670d9;malcolm_2023::chunk::33f243766ef3;malcolm_2023::chunk::699040526153;malcolm_2023::chunk::c4538f807e92;ruffell_2020::chunk::01a5376af045;ruffell_2020::chunk::0287aacc6b5c;ruffell_2020::chunk::126e542071d8;ruffell_2020::chunk::20a0626688c3;ruffell_2020::chunk::31f0f442238c;ruffell_2020::chunk::3dd1f6f3ef53;ruffell_2020::chunk::4c40bc35dfa3;ruffell_2020::chunk::4c580e6cc049;ruffell_2020::chunk::5e73d18c2cdd;ruffell_2020::chunk::64320335010d;ruffell_2020::chunk::6ced3402b1de;ruffell_2020::chunk::6f28479f3ecf;ruffell_2020::chunk::731da928b0a0;ruffell_2020::chunk::96e3e3cc0abb;ruffell_2020::chunk::9ef79e66df4b;ruffell_2020::chunk::b15c0762ccb4;ruffell_2020::chunk::b53afc68cb20;ruffell_2020::chunk::bb600259c5d3;ruffell_2020::chunk::c6009e6820d4;ruffell_2020::chunk::d5390e0d6896;ruffell_2020::chunk::d53e95f1054c;ruffell_2020::chunk::da4cb62ca6d2;ruffell_2020::chunk::ddc0bf461eca;ruffell_2020::chunk::e32c5e70b313;ruffell_2023::chunk::630e92c37e57;ruffell_2023::chunk::7ae6b29af2c9;ruffell_2023::chunk::8659abeb54be;ruffell_2023::chunk::92fc199d7035;ruffell_2023::chunk::a021280a41ca;ruffell_2023::chunk::babd5c5da65e;ruffell_2023::chunk::dbdcc8b4b01d;waters_2021::chunk::2989e2761976,malcolm_2023::chunk::c115fff54eba;ruffell_2020::chunk::2e4b273d12f3;ruffell_2020::chunk::3b2fd0f128a6;ruffell_2020::chunk::52ffeca03d9f;ruffell_2020::chunk::c72b2f73e595,halman_2024::chunk::567a1313706a;halman_2024::chunk::93a8537b1ff6;halman_2024::chunk::b1296e5e7930;halman_2024::chunk::dfd1bb7a18b8;halman_2024::chunk::e5b84c172cc9;halman_2024::chunk::e7863b8670d9;malcolm_2023::chunk::33f243766ef3;malcolm_2023::chunk::699040526153;malcolm_2023::chunk::c115fff54eba;malcolm_2023::chunk::c4538f807e92;ruffell_2020::chunk::01a5376af045;ruffell_2020::chunk::0287aacc6b5c;ruffell_2020::chunk::126e542071d8;ruffell_2020::chunk::20a0626688c3;ruffell_2020::chunk::2e4b273d12f3;ruffell_2020::chunk::31f0f442238c;ruffell_2020::chunk::3b2fd0f128a6;ruffell_2020::chunk::3dd1f6f3ef53;ruffell_2020::chunk::4c40bc35dfa3;ruffell_2020::chunk::4c580e6cc049;ruffell_2020::chunk::52ffeca03d9f;ruffell_2020::chunk::5e73d18c2cdd;ruffell_2020::chunk::64320335010d;ruffell_2020::chunk::6ced3402b1de;ruffell_2020::chunk::6f28479f3ecf;ruffell_2020::chunk::731da928b0a0;ruffell_2020::chunk::96e3e3cc0abb;ruffell_2020::chunk::9ef79e66df4b;ruffell_2020::chunk::b15c0762ccb4;ruffell_2020::chunk::b53afc68cb20;ruffell_2020::chunk::bb600259c5d3;ruffell_2020::chunk::c6009e6820d4;ruffell_2020::chunk::c72b2f73e595;ruffell_2020::chunk::d5390e0d6896;ruffell_2020::chunk::d53e95f1054c;ruffell_2020::chunk::da4cb62ca6d2;ruffell_2020::chunk::ddc0bf461eca;ruffell_2020::chunk::e32c5e70b313;ruffell_2023::chunk::630e92c37e57;ruffell_2023::chunk::7ae6b29af2c9;ruffell_2023::chunk::8659abeb54be;ruffell_2023::chunk::92fc199d7035;ruffell_2023::chunk::a021280a41ca;ruffell_2023::chunk::babd5c5da65e;ruffell_2023::chunk::dbdcc8b4b01d;waters_2021::chunk::2989e2761976
ayahuasca|psilocybin,ayahuasca,psilocybin,6,1,7,3,halman_2024;malcolm_2023;ruffell_2023,"Ayahuasca and Drug Interaction: The Good, the Bad, and the Soul | Ayahuasca: A review of historical, pharmacological, and therapeutic aspects | Drug-drug interactions involving classic psychedelics: A systematic review",halman_2024::chunk::567a1313706a;halman_2024::chunk::93a8537b1ff6;halman_2024::chunk::dfd1bb7a18b8;halman_2024::chunk::e7863b8670d9;malcolm_2023::chunk::699040526153;ruffell_2023::chunk::a021280a41ca,halman_2024::chunk::3034cb6a7fd1,halman_2024::chunk::3034cb6a7fd1;halman_2024::chunk::567a1313706a;halman_2024::chunk::93a8537b1ff6;halman_2024::chunk::dfd1bb7a18b8;halman_2024::chunk::e7863b8670d9;malcolm_2023::chunk::699040526153;ruffell_2023::chunk::a021280a41ca
ayahuasca|salvia,ayahuasca,salvia,0,0,0,0,,,,,
ayahuasca|serotonergic_opioids,ayahuasca,serotonergic_opioids,0,0,0,0,,,,,
ayahuasca|snri,ayahuasca,snri,0,0,0,0,,,,,
ayahuasca|ssri,ayahuasca,ssri,2,0,2,1,ruffell_2020,The pharmacological interaction of compounds in ayahuasca: a systematic review,ruffell_2020::chunk::6f28479f3ecf;ruffell_2020::chunk::9ef79e66df4b,,ruffell_2020::chunk::6f28479f3ecf;ruffell_2020::chunk::9ef79e66df4b
ayahuasca|tobacco_rape,ayahuasca,tobacco_rape,1,1,2,2,ruffell_2023;schmid_2015_a,"Ayahuasca: A review of historical, pharmacological, and therapeutic aspects | Interactions between bupropion and 3,4-methylenedioxymethamphetamine in healthy subjects",ruffell_2023::chunk::75da45ff5309,schmid_2015_a::chunk::39c967e598af,ruffell_2023::chunk::75da45ff5309;schmid_2015_a::chunk::39c967e598af
ayahuasca|tricyclic_ad,ayahuasca,tricyclic_ad,0,0,0,0,,,,,
ayahuasca|two_c_x,ayahuasca,two_c_x,0,0,0,0,,,,,
ayahuasca|yopo,ayahuasca,yopo,0,0,0,0,,,,,
belladonna|belladonna,belladonna,belladonna,0,0,0,0,,,,,
belladonna|benzodiazepines,belladonna,benzodiazepines,0,0,0,0,,,,,
belladonna|beta_blockers,belladonna,beta_blockers,0,0,0,0,,,,,
belladonna|beta_blockers_ccb,belladonna,beta_blockers_ccb,0,0,0,0,,,,,
belladonna|brugmansia,belladonna,brugmansia,0,0,0,0,,,,,
belladonna|calcium_channel_blockers,belladonna,calcium_channel_blockers,0,0,0,0,,,,,
belladonna|cannabis,belladonna,cannabis,0,0,0,0,,,,,
belladonna|clonidine,belladonna,clonidine,0,0,0,0,,,,,
belladonna|clonidine_guanfacine,belladonna,clonidine_guanfacine,0,0,0,0,,,,,
belladonna|cocaine,belladonna,cocaine,0,0,0,0,,,,,
belladonna|dox,belladonna,dox,0,0,0,0,,,,,
belladonna|five_meo_dmt,five_meo_dmt,belladonna,0,0,0,0,,,,,
belladonna|guanfacine,belladonna,guanfacine,0,0,0,0,,,,,
belladonna|iboga,belladonna,iboga,0,0,0,0,,,,,
belladonna|kambo,belladonna,kambo,0,0,0,0,,,,,
belladonna|ketamine,belladonna,ketamine,0,0,0,0,,,,,
belladonna|lamotrigine,belladonna,lamotrigine,0,0,0,0,,,,,
belladonna|lithium,belladonna,lithium,0,1,1,1,gillman_2023,Monoamine oxidase inhibitors and clinically relevant drug interactions,,gillman_2023::chunk::12fd6d056da6,gillman_2023::chunk::12fd6d056da6
belladonna|lsd,lsd,belladonna,0,3,3,2,halman_2024;schmid_2015_a,"Drug-drug interactions involving classic psychedelics: A systematic review | Interactions between bupropion and 3,4-methylenedioxymethamphetamine in healthy subjects",,halman_2024::chunk::4400ec57461e;halman_2024::chunk::dfd1bb7a18b8;schmid_2015_a::chunk::ffa7efc60709,halman_2024::chunk::4400ec57461e;halman_2024::chunk::dfd1bb7a18b8;schmid_2015_a::chunk::ffa7efc60709
belladonna|maoi_pharma,belladonna,maoi_pharma,0,14,14,2,gillman_2023;malcolm_2023,"Ayahuasca and Drug Interaction: The Good, the Bad, and the Soul | Monoamine oxidase inhibitors and clinically relevant drug interactions",,gillman_2023::chunk::530406309c44;gillman_2023::chunk::6631e88f6197;gillman_2023::chunk::738ca8bf9095;gillman_2023::chunk::84c1833df1a8;gillman_2023::chunk::91378615dfb3;gillman_2023::chunk::91c975178a34;gillman_2023::chunk::9a2e9c712d52;gillman_2023::chunk::a135d87c557e;gillman_2023::chunk::b8d66db543c2;gillman_2023::chunk::df51155c5328;gillman_2023::chunk::fdb36125c7b2;malcolm_2023::chunk::0a92fbaae0fa;malcolm_2023::chunk::c4baa8d977e4;malcolm_2023::chunk::d5c39ea43721,gillman_2023::chunk::530406309c44;gillman_2023::chunk::6631e88f6197;gillman_2023::chunk::738ca8bf9095;gillman_2023::chunk::84c1833df1a8;gillman_2023::chunk::91378615dfb3;gillman_2023::chunk::91c975178a34;gillman_2023::chunk::9a2e9c712d52;gillman_2023::chunk::a135d87c557e;gillman_2023::chunk::b8d66db543c2;gillman_2023::chunk::df51155c5328;gillman_2023::chunk::fdb36125c7b2;malcolm_2023::chunk::0a92fbaae0fa;malcolm_2023::chunk::c4baa8d977e4;malcolm_2023::chunk::d5c39ea43721
belladonna|mdma,belladonna,mdma,0,4,4,1,schmid_2015_a,"Interactions between bupropion and 3,4-methylenedioxymethamphetamine in healthy subjects",,schmid_2015_a::chunk::18b3b805afe9;schmid_2015_a::chunk::521b031e4bf9;schmid_2015_a::chunk::9851c738946f;schmid_2015_a::chunk::e53d49d98afa,schmid_2015_a::chunk::18b3b805afe9;schmid_2015_a::chunk::521b031e4bf9;schmid_2015_a::chunk::9851c738946f;schmid_2015_a::chunk::e53d49d98afa
belladonna|mescaline_peyote,mescaline_peyote,belladonna,0,0,0,0,,,,,
belladonna|methylphenidate,belladonna,methylphenidate,0,0,0,0,,,,,
belladonna|nbome_series,belladonna,nbome_series,0,0,0,0,,,,,
belladonna|ndri_bupropion,belladonna,ndri_bupropion,0,4,4,1,schmid_2015_a,"Interactions between bupropion and 3,4-methylenedioxymethamphetamine in healthy subjects",,schmid_2015_a::chunk::237b11fcaa84;schmid_2015_a::chunk::45217f0ffa73;schmid_2015_a::chunk::7e2a245a8130;schmid_2015_a::chunk::9519a6b13019,schmid_2015_a::chunk::237b11fcaa84;schmid_2015_a::chunk::45217f0ffa73;schmid_2015_a::chunk::7e2a245a8130;schmid_2015_a::chunk::9519a6b13019
belladonna|nn_dmt,nn_dmt,belladonna,0,5,5,2,malcolm_2023;ruffell_2020,"Ayahuasca and Drug Interaction: The Good, the Bad, and the Soul | The pharmacological interaction of compounds in ayahuasca: a systematic review",,malcolm_2023::chunk::c115fff54eba;ruffell_2020::chunk::2e4b273d12f3;ruffell_2020::chunk::3b2fd0f128a6;ruffell_2020::chunk::52ffeca03d9f;ruffell_2020::chunk::c72b2f73e595,malcolm_2023::chunk::c115fff54eba;ruffell_2020::chunk::2e4b273d12f3;ruffell_2020::chunk::3b2fd0f128a6;ruffell_2020::chunk::52ffeca03d9f;ruffell_2020::chunk::c72b2f73e595
belladonna|psilocybin,psilocybin,belladonna,0,1,1,1,halman_2024,Drug-drug interactions involving classic psychedelics: A systematic review,,halman_2024::chunk::3034cb6a7fd1,halman_2024::chunk::3034cb6a7fd1
belladonna|salvia,salvia,belladonna,0,0,0,0,,,,,
belladonna|serotonergic_opioids,belladonna,serotonergic_opioids,0,0,0,0,,,,,
belladonna|snri,belladonna,snri,0,0,0,0,,,,,
belladonna|ssri,belladonna,ssri,0,0,0,0,,,,,
belladonna|tobacco_rape,belladonna,tobacco_rape,0,1,1,1,schmid_2015_a,"Interactions between bupropion and 3,4-methylenedioxymethamphetamine in healthy subjects",,schmid_2015_a::chunk::39c967e598af,schmid_2015_a::chunk::39c967e598af
belladonna|tricyclic_ad,belladonna,tricyclic_ad,0,0,0,0,,,,,
belladonna|two_c_x,belladonna,two_c_x,0,0,0,0,,,,,
belladonna|yopo,yopo,belladonna,0,0,0,0,,,,,
benzodiazepines|benzodiazepines,benzodiazepines,benzodiazepines,0,0,0,0,,,,,
benzodiazepines|beta_blockers,benzodiazepines,beta_blockers,0,0,0,0,,,,,
benzodiazepines|beta_blockers_ccb,benzodiazepines,beta_blockers_ccb,0,0,0,0,,,,,
benzodiazepines|brugmansia,brugmansia,benzodiazepines,0,0,0,0,,,,,
benzodiazepines|calcium_channel_blockers,benzodiazepines,calcium_channel_blockers,0,0,0,0,,,,,
benzodiazepines|cannabis,cannabis,benzodiazepines,3,0,3,2,cohen_2021;rached_2026,Concomitant drugs associated with increased mortality for MDMA users reported in a drug safety surveillance database | Safety and efficacy of monoamine oxidase inhibitors in patients who use psychoactive substances,cohen_2021::chunk::1fbe6f25d058;cohen_2021::chunk::68ad620e4828;rached_2026::chunk::89e8183c85b8,,cohen_2021::chunk::1fbe6f25d058;cohen_2021::chunk::68ad620e4828;rached_2026::chunk::89e8183c85b8
benzodiazepines|clonidine,benzodiazepines,clonidine,0,0,0,0,,,,,
benzodiazepines|clonidine_guanfacine,benzodiazepines,clonidine_guanfacine,0,0,0,0,,,,,
benzodiazepines|cocaine,cocaine,benzodiazepines,0,0,0,0,,,,,
benzodiazepines|dox,dox,benzodiazepines,0,0,0,0,,,,,
benzodiazepines|five_meo_dmt,five_meo_dmt,benzodiazepines,0,0,0,0,,,,,
benzodiazepines|guanfacine,benzodiazepines,guanfacine,0,0,0,0,,,,,
benzodiazepines|iboga,benzodiazepines,iboga,0,0,0,0,,,,,
benzodiazepines|kambo,kambo,benzodiazepines,0,0,0,0,,,,,
benzodiazepines|ketamine,benzodiazepines,ketamine,3,0,3,1,veraart_2021,Pharmacodynamic Interactions Between Ketamine and Psychiatric Medications Used in the Treatment of Depression: A Systematic Review,veraart_2021::chunk::99fa65ad01d5;veraart_2021::chunk::9db3bca789f0;veraart_2021::chunk::ce4a4d991954,,veraart_2021::chunk::99fa65ad01d5;veraart_2021::chunk::9db3bca789f0;veraart_2021::chunk::ce4a4d991954
benzodiazepines|lamotrigine,benzodiazepines,lamotrigine,2,0,2,1,veraart_2021,Pharmacodynamic Interactions Between Ketamine and Psychiatric Medications Used in the Treatment of Depression: A Systematic Review,veraart_2021::chunk::9db3bca789f0;veraart_2021::chunk::ce4a4d991954,,veraart_2021::chunk::9db3bca789f0;veraart_2021::chunk::ce4a4d991954
benzodiazepines|lithium,benzodiazepines,lithium,1,1,2,2,gillman_2023;veraart_2021,Monoamine oxidase inhibitors and clinically relevant drug interactions | Pharmacodynamic Interactions Between Ketamine and Psychiatric Medications Used in the Treatment of Depression: A Systematic Review,veraart_2021::chunk::ce4a4d991954,gillman_2023::chunk::12fd6d056da6,gillman_2023::chunk::12fd6d056da6;veraart_2021::chunk::ce4a4d991954
benzodiazepines|lsd,lsd,benzodiazepines,0,3,3,2,halman_2024;schmid_2015_a,"Drug-drug interactions involving classic psychedelics: A systematic review | Interactions between bupropion and 3,4-methylenedioxymethamphetamine in healthy subjects",,halman_2024::chunk::4400ec57461e;halman_2024::chunk::dfd1bb7a18b8;schmid_2015_a::chunk::ffa7efc60709,halman_2024::chunk::4400ec57461e;halman_2024::chunk::dfd1bb7a18b8;schmid_2015_a::chunk::ffa7efc60709
benzodiazepines|maoi_pharma,maoi_pharma,benzodiazepines,6,14,20,4,gillman_2023;malcolm_2023;rached_2026;veraart_2021,"Ayahuasca and Drug Interaction: The Good, the Bad, and the Soul | Monoamine oxidase inhibitors and clinically relevant drug interactions | Pharmacodynamic Interactions Between Ketamine and Psychiatric Medications Used in the Treatment of Depression: A Systematic Review | Safety and efficacy of monoamine oxidase inhibitors in patients who use psychoactive substances",rached_2026::chunk::89e8183c85b8;rached_2026::chunk::ccb7ce6fdd3e;rached_2026::chunk::e1501678f2e5;rached_2026::chunk::f3935f82299a;veraart_2021::chunk::9db3bca789f0;veraart_2021::chunk::ce4a4d991954,gillman_2023::chunk::530406309c44;gillman_2023::chunk::6631e88f6197;gillman_2023::chunk::738ca8bf9095;gillman_2023::chunk::84c1833df1a8;gillman_2023::chunk::91378615dfb3;gillman_2023::chunk::91c975178a34;gillman_2023::chunk::9a2e9c712d52;gillman_2023::chunk::a135d87c557e;gillman_2023::chunk::b8d66db543c2;gillman_2023::chunk::df51155c5328;gillman_2023::chunk::fdb36125c7b2;malcolm_2023::chunk::0a92fbaae0fa;malcolm_2023::chunk::c4baa8d977e4;malcolm_2023::chunk::d5c39ea43721,gillman_2023::chunk::530406309c44;gillman_2023::chunk::6631e88f6197;gillman_2023::chunk::738ca8bf9095;gillman_2023::chunk::84c1833df1a8;gillman_2023::chunk::91378615dfb3;gillman_2023::chunk::91c975178a34;gillman_2023::chunk::9a2e9c712d52;gillman_2023::chunk::a135d87c557e;gillman_2023::chunk::b8d66db543c2;gillman_2023::chunk::df51155c5328;gillman_2023::chunk::fdb36125c7b2;malcolm_2023::chunk::0a92fbaae0fa;malcolm_2023::chunk::c4baa8d977e4;malcolm_2023::chunk::d5c39ea43721;rached_2026::chunk::89e8183c85b8;rached_2026::chunk::ccb7ce6fdd3e;rached_2026::chunk::e1501678f2e5;rached_2026::chunk::f3935f82299a;veraart_2021::chunk::9db3bca789f0;veraart_2021::chunk::ce4a4d991954
benzodiazepines|mdma,mdma,benzodiazepines,4,4,8,3,cohen_2021;rached_2026;schmid_2015_a,"Concomitant drugs associated with increased mortality for MDMA users reported in a drug safety surveillance database | Interactions between bupropion and 3,4-methylenedioxymethamphetamine in healthy subjects | Safety and efficacy of monoamine oxidase inhibitors in patients who use psychoactive substances",cohen_2021::chunk::1fbe6f25d058;cohen_2021::chunk::68ad620e4828;cohen_2021::chunk::bbefec5b8cb7;rached_2026::chunk::89e8183c85b8,schmid_2015_a::chunk::18b3b805afe9;schmid_2015_a::chunk::521b031e4bf9;schmid_2015_a::chunk::9851c738946f;schmid_2015_a::chunk::e53d49d98afa,cohen_2021::chunk::1fbe6f25d058;cohen_2021::chunk::68ad620e4828;cohen_2021::chunk::bbefec5b8cb7;rached_2026::chunk::89e8183c85b8;schmid_2015_a::chunk::18b3b805afe9;schmid_2015_a::chunk::521b031e4bf9;schmid_2015_a::chunk::9851c738946f;schmid_2015_a::chunk::e53d49d98afa
benzodiazepines|mescaline_peyote,mescaline_peyote,benzodiazepines,0,0,0,0,,,,,
benzodiazepines|methylphenidate,methylphenidate,benzodiazepines,0,0,0,0,,,,,
benzodiazepines|nbome_series,nbome_series,benzodiazepines,0,0,0,0,,,,,
benzodiazepines|ndri_bupropion,ndri_bupropion,benzodiazepines,1,4,5,2,cohen_2021;schmid_2015_a,"Concomitant drugs associated with increased mortality for MDMA users reported in a drug safety surveillance database | Interactions between bupropion and 3,4-methylenedioxymethamphetamine in healthy subjects",cohen_2021::chunk::bbefec5b8cb7,schmid_2015_a::chunk::237b11fcaa84;schmid_2015_a::chunk::45217f0ffa73;schmid_2015_a::chunk::7e2a245a8130;schmid_2015_a::chunk::9519a6b13019,cohen_2021::chunk::bbefec5b8cb7;schmid_2015_a::chunk::237b11fcaa84;schmid_2015_a::chunk::45217f0ffa73;schmid_2015_a::chunk::7e2a245a8130;schmid_2015_a::chunk::9519a6b13019
benzodiazepines|nn_dmt,nn_dmt,benzodiazepines,0,5,5,2,malcolm_2023;ruffell_2020,"Ayahuasca and Drug Interaction: The Good, the Bad, and the Soul | The pharmacological interaction of compounds in ayahuasca: a systematic review",,malcolm_2023::chunk::c115fff54eba;ruffell_2020::chunk::2e4b273d12f3;ruffell_2020::chunk::3b2fd0f128a6;ruffell_2020::chunk::52ffeca03d9f;ruffell_2020::chunk::c72b2f73e595,malcolm_2023::chunk::c115fff54eba;ruffell_2020::chunk::2e4b273d12f3;ruffell_2020::chunk::3b2fd0f128a6;ruffell_2020::chunk::52ffeca03d9f;ruffell_2020::chunk::c72b2f73e595
benzodiazepines|psilocybin,psilocybin,benzodiazepines,6,1,7,2,halman_2024;nicholas_2024,Co-administration of midazolam and psilocybin: differential effects on subjective quality versus memory of the psychedelic experience | Drug-drug interactions involving classic psychedelics: A systematic review,nicholas_2024::chunk::075d2827aaec;nicholas_2024::chunk::2ce3ff090a61;nicholas_2024::chunk::4b4efebbf826;nicholas_2024::chunk::720bf16acd5d;nicholas_2024::chunk::bba24d82f66f;nicholas_2024::chunk::f1b8e5f20c1b,halman_2024::chunk::3034cb6a7fd1,halman_2024::chunk::3034cb6a7fd1;nicholas_2024::chunk::075d2827aaec;nicholas_2024::chunk::2ce3ff090a61;nicholas_2024::chunk::4b4efebbf826;nicholas_2024::chunk::720bf16acd5d;nicholas_2024::chunk::bba24d82f66f;nicholas_2024::chunk::f1b8e5f20c1b
benzodiazepines|salvia,salvia,benzodiazepines,0,0,0,0,,,,,
benzodiazepines|serotonergic_opioids,serotonergic_opioids,benzodiazepines,8,0,8,4,baldo_2018;boitor_2025;cohen_2021;rached_2026,Concomitant drugs associated with increased mortality for MDMA users reported in a drug safety surveillance database | Opioid analgesic drugs and serotonin toxicity syndrome_mechanisms animal models and links to clinical effects | Risk factors for severe opioid-induced respiratory depression in hospitalized adults: A case-control study | Safety and efficacy of monoamine oxidase inhibitors in patients who use psychoactive substances,baldo_2018::chunk::c14c112d9f6d;boitor_2025::chunk::2fe6280867d1;boitor_2025::chunk::46324880a3c5;boitor_2025::chunk::8230138d9780;cohen_2021::chunk::1fbe6f25d058;cohen_2021::chunk::68ad620e4828;cohen_2021::chunk::bbefec5b8cb7;rached_2026::chunk::89e8183c85b8,,baldo_2018::chunk::c14c112d9f6d;boitor_2025::chunk::2fe6280867d1;boitor_2025::chunk::46324880a3c5;boitor_2025::chunk::8230138d9780;cohen_2021::chunk::1fbe6f25d058;cohen_2021::chunk::68ad620e4828;cohen_2021::chunk::bbefec5b8cb7;rached_2026::chunk::89e8183c85b8
benzodiazepines|snri,snri,benzodiazepines,1,0,1,1,cohen_2021,Concomitant drugs associated with increased mortality for MDMA users reported in a drug safety surveillance database,cohen_2021::chunk::bbefec5b8cb7,,cohen_2021::chunk::bbefec5b8cb7
benzodiazepines|ssri,ssri,benzodiazepines,1,0,1,1,cohen_2021,Concomitant drugs associated with increased mortality for MDMA users reported in a drug safety surveillance database,cohen_2021::chunk::bbefec5b8cb7,,cohen_2021::chunk::bbefec5b8cb7
benzodiazepines|tobacco_rape,tobacco_rape,benzodiazepines,2,1,3,3,cohen_2021;rached_2026;schmid_2015_a,"Concomitant drugs associated with increased mortality for MDMA users reported in a drug safety surveillance database | Interactions between bupropion and 3,4-methylenedioxymethamphetamine in healthy subjects | Safety and efficacy of monoamine oxidase inhibitors in patients who use psychoactive substances",cohen_2021::chunk::1fbe6f25d058;rached_2026::chunk::89e8183c85b8,schmid_2015_a::chunk::39c967e598af,cohen_2021::chunk::1fbe6f25d058;rached_2026::chunk::89e8183c85b8;schmid_2015_a::chunk::39c967e598af
benzodiazepines|tricyclic_ad,tricyclic_ad,benzodiazepines,0,0,0,0,,,,,
benzodiazepines|two_c_x,two_c_x,benzodiazepines,0,0,0,0,,,,,
benzodiazepines|yopo,yopo,benzodiazepines,0,0,0,0,,,,,
beta_blockers_ccb|beta_blockers_ccb,beta_blockers_ccb,beta_blockers_ccb,0,0,0,0,,,,,
beta_blockers_ccb|brugmansia,brugmansia,beta_blockers_ccb,0,0,0,0,,,,,
beta_blockers_ccb|cannabis,cannabis,beta_blockers_ccb,0,0,0,0,,,,,
beta_blockers_ccb|clonidine_guanfacine,clonidine_guanfacine,beta_blockers_ccb,0,0,0,0,,,,,
beta_blockers_ccb|cocaine,cocaine,beta_blockers_ccb,0,0,0,0,,,,,
beta_blockers_ccb|dox,dox,beta_blockers_ccb,0,0,0,0,,,,,
beta_blockers_ccb|five_meo_dmt,five_meo_dmt,beta_blockers_ccb,0,0,0,0,,,,,
beta_blockers_ccb|iboga,beta_blockers_ccb,iboga,0,0,0,0,,,,,
beta_blockers_ccb|kambo,kambo,beta_blockers_ccb,0,0,0,0,,,,,
beta_blockers_ccb|ketamine,ketamine,beta_blockers_ccb,0,0,0,0,,,,,
beta_blockers_ccb|lamotrigine,lamotrigine,beta_blockers_ccb,0,0,0,0,,,,,
beta_blockers_ccb|lithium,lithium,beta_blockers_ccb,0,1,1,1,gillman_2023,Monoamine oxidase inhibitors and clinically relevant drug interactions,,gillman_2023::chunk::12fd6d056da6,gillman_2023::chunk::12fd6d056da6
beta_blockers_ccb|lsd,lsd,beta_blockers_ccb,0,3,3,2,halman_2024;schmid_2015_a,"Drug-drug interactions involving classic psychedelics: A systematic review | Interactions between bupropion and 3,4-methylenedioxymethamphetamine in healthy subjects",,halman_2024::chunk::4400ec57461e;halman_2024::chunk::dfd1bb7a18b8;schmid_2015_a::chunk::ffa7efc60709,halman_2024::chunk::4400ec57461e;halman_2024::chunk::dfd1bb7a18b8;schmid_2015_a::chunk::ffa7efc60709
beta_blockers_ccb|maoi_pharma,maoi_pharma,beta_blockers_ccb,0,14,14,2,gillman_2023;malcolm_2023,"Ayahuasca and Drug Interaction: The Good, the Bad, and the Soul | Monoamine oxidase inhibitors and clinically relevant drug interactions",,gillman_2023::chunk::530406309c44;gillman_2023::chunk::6631e88f6197;gillman_2023::chunk::738ca8bf9095;gillman_2023::chunk::84c1833df1a8;gillman_2023::chunk::91378615dfb3;gillman_2023::chunk::91c975178a34;gillman_2023::chunk::9a2e9c712d52;gillman_2023::chunk::a135d87c557e;gillman_2023::chunk::b8d66db543c2;gillman_2023::chunk::df51155c5328;gillman_2023::chunk::fdb36125c7b2;malcolm_2023::chunk::0a92fbaae0fa;malcolm_2023::chunk::c4baa8d977e4;malcolm_2023::chunk::d5c39ea43721,gillman_2023::chunk::530406309c44;gillman_2023::chunk::6631e88f6197;gillman_2023::chunk::738ca8bf9095;gillman_2023::chunk::84c1833df1a8;gillman_2023::chunk::91378615dfb3;gillman_2023::chunk::91c975178a34;gillman_2023::chunk::9a2e9c712d52;gillman_2023::chunk::a135d87c557e;gillman_2023::chunk::b8d66db543c2;gillman_2023::chunk::df51155c5328;gillman_2023::chunk::fdb36125c7b2;malcolm_2023::chunk::0a92fbaae0fa;malcolm_2023::chunk::c4baa8d977e4;malcolm_2023::chunk::d5c39ea43721
beta_blockers_ccb|mdma,mdma,beta_blockers_ccb,0,4,4,1,schmid_2015_a,"Interactions between bupropion and 3,4-methylenedioxymethamphetamine in healthy subjects",,schmid_2015_a::chunk::18b3b805afe9;schmid_2015_a::chunk::521b031e4bf9;schmid_2015_a::chunk::9851c738946f;schmid_2015_a::chunk::e53d49d98afa,schmid_2015_a::chunk::18b3b805afe9;schmid_2015_a::chunk::521b031e4bf9;schmid_2015_a::chunk::9851c738946f;schmid_2015_a::chunk::e53d49d98afa
beta_blockers_ccb|mescaline_peyote,mescaline_peyote,beta_blockers_ccb,0,0,0,0,,,,,
beta_blockers_ccb|methylphenidate,methylphenidate,beta_blockers_ccb,0,0,0,0,,,,,
beta_blockers_ccb|nbome_series,nbome_series,beta_blockers_ccb,0,0,0,0,,,,,
beta_blockers_ccb|ndri_bupropion,ndri_bupropion,beta_blockers_ccb,0,4,4,1,schmid_2015_a,"Interactions between bupropion and 3,4-methylenedioxymethamphetamine in healthy subjects",,schmid_2015_a::chunk::237b11fcaa84;schmid_2015_a::chunk::45217f0ffa73;schmid_2015_a::chunk::7e2a245a8130;schmid_2015_a::chunk::9519a6b13019,schmid_2015_a::chunk::237b11fcaa84;schmid_2015_a::chunk::45217f0ffa73;schmid_2015_a::chunk::7e2a245a8130;schmid_2015_a::chunk::9519a6b13019
beta_blockers_ccb|nn_dmt,nn_dmt,beta_blockers_ccb,0,5,5,2,malcolm_2023;ruffell_2020,"Ayahuasca and Drug Interaction: The Good, the Bad, and the Soul | The pharmacological interaction of compounds in ayahuasca: a systematic review",,malcolm_2023::chunk::c115fff54eba;ruffell_2020::chunk::2e4b273d12f3;ruffell_2020::chunk::3b2fd0f128a6;ruffell_2020::chunk::52ffeca03d9f;ruffell_2020::chunk::c72b2f73e595,malcolm_2023::chunk::c115fff54eba;ruffell_2020::chunk::2e4b273d12f3;ruffell_2020::chunk::3b2fd0f128a6;ruffell_2020::chunk::52ffeca03d9f;ruffell_2020::chunk::c72b2f73e595
beta_blockers_ccb|psilocybin,psilocybin,beta_blockers_ccb,0,1,1,1,halman_2024,Drug-drug interactions involving classic psychedelics: A systematic review,,halman_2024::chunk::3034cb6a7fd1,halman_2024::chunk::3034cb6a7fd1
beta_blockers_ccb|salvia,salvia,beta_blockers_ccb,0,0,0,0,,,,,
beta_blockers_ccb|serotonergic_opioids,serotonergic_opioids,beta_blockers_ccb,0,0,0,0,,,,,
beta_blockers_ccb|snri,snri,beta_blockers_ccb,0,0,0,0,,,,,
beta_blockers_ccb|ssri,ssri,beta_blockers_ccb,0,0,0,0,,,,,
beta_blockers_ccb|tobacco_rape,tobacco_rape,beta_blockers_ccb,0,1,1,1,schmid_2015_a,"Interactions between bupropion and 3,4-methylenedioxymethamphetamine in healthy subjects",,schmid_2015_a::chunk::39c967e598af,schmid_2015_a::chunk::39c967e598af
beta_blockers_ccb|tricyclic_ad,tricyclic_ad,beta_blockers_ccb,0,0,0,0,,,,,
beta_blockers_ccb|two_c_x,two_c_x,beta_blockers_ccb,0,0,0,0,,,,,
beta_blockers_ccb|yopo,yopo,beta_blockers_ccb,0,0,0,0,,,,,
beta_blockers|beta_blockers,beta_blockers,beta_blockers,0,0,0,0,,,,,
beta_blockers|brugmansia,brugmansia,beta_blockers,0,0,0,0,,,,,
beta_blockers|cannabis,cannabis,beta_blockers,3,0,3,2,barnett_2025;lindsey_2012,"Drug Interactions between Common Illicit Drugs and Prescription Therapies | Hypertensive Emergency Secondary to Combining Psilocybin Mushrooms, Extended Release Dextroamphetamine-Amphetamine, and Tranylcypromine",barnett_2025::chunk::0de876d321a0;lindsey_2012::chunk::22a1efbbd284;lindsey_2012::chunk::5157e31148e1,,barnett_2025::chunk::0de876d321a0;lindsey_2012::chunk::22a1efbbd284;lindsey_2012::chunk::5157e31148e1
beta_blockers|clonidine,clonidine,beta_blockers,0,0,0,0,,,,,
beta_blockers|cocaine,cocaine,beta_blockers,2,0,2,1,lindsey_2012,Drug Interactions between Common Illicit Drugs and Prescription Therapies,lindsey_2012::chunk::22a1efbbd284;lindsey_2012::chunk::5157e31148e1,,lindsey_2012::chunk::22a1efbbd284;lindsey_2012::chunk::5157e31148e1
beta_blockers|dox,dox,beta_blockers,0,0,0,0,,,,,
beta_blockers|five_meo_dmt,five_meo_dmt,beta_blockers,0,0,0,0,,,,,
beta_blockers|guanfacine,guanfacine,beta_blockers,0,0,0,0,,,,,
beta_blockers|iboga,beta_blockers,iboga,0,0,0,0,,,,,
beta_blockers|kambo,kambo,beta_blockers,0,0,0,0,,,,,
beta_blockers|ketamine,ketamine,beta_blockers,1,0,1,1,lindsey_2012,Drug Interactions between Common Illicit Drugs and Prescription Therapies,lindsey_2012::chunk::5157e31148e1,,lindsey_2012::chunk::5157e31148e1
beta_blockers|lamotrigine,lamotrigine,beta_blockers,0,0,0,0,,,,,
beta_blockers|lithium,lithium,beta_blockers,0,1,1,1,gillman_2023,Monoamine oxidase inhibitors and clinically relevant drug interactions,,gillman_2023::chunk::12fd6d056da6,gillman_2023::chunk::12fd6d056da6
beta_blockers|lsd,lsd,beta_blockers,0,3,3,2,halman_2024;schmid_2015_a,"Drug-drug interactions involving classic psychedelics: A systematic review | Interactions between bupropion and 3,4-methylenedioxymethamphetamine in healthy subjects",,halman_2024::chunk::4400ec57461e;halman_2024::chunk::dfd1bb7a18b8;schmid_2015_a::chunk::ffa7efc60709,halman_2024::chunk::4400ec57461e;halman_2024::chunk::dfd1bb7a18b8;schmid_2015_a::chunk::ffa7efc60709
beta_blockers|maoi_pharma,maoi_pharma,beta_blockers,3,14,17,4,barnett_2025;gillman_2023;lindsey_2012;malcolm_2023,"Ayahuasca and Drug Interaction: The Good, the Bad, and the Soul | Drug Interactions between Common Illicit Drugs and Prescription Therapies | Hypertensive Emergency Secondary to Combining Psilocybin Mushrooms, Extended Release Dextroamphetamine-Amphetamine, and Tranylcypromine | Monoamine oxidase inhibitors and clinically relevant drug interactions",barnett_2025::chunk::0de876d321a0;lindsey_2012::chunk::22a1efbbd284;lindsey_2012::chunk::5157e31148e1,gillman_2023::chunk::530406309c44;gillman_2023::chunk::6631e88f6197;gillman_2023::chunk::738ca8bf9095;gillman_2023::chunk::84c1833df1a8;gillman_2023::chunk::91378615dfb3;gillman_2023::chunk::91c975178a34;gillman_2023::chunk::9a2e9c712d52;gillman_2023::chunk::a135d87c557e;gillman_2023::chunk::b8d66db543c2;gillman_2023::chunk::df51155c5328;gillman_2023::chunk::fdb36125c7b2;malcolm_2023::chunk::0a92fbaae0fa;malcolm_2023::chunk::c4baa8d977e4;malcolm_2023::chunk::d5c39ea43721,barnett_2025::chunk::0de876d321a0;gillman_2023::chunk::530406309c44;gillman_2023::chunk::6631e88f6197;gillman_2023::chunk::738ca8bf9095;gillman_2023::chunk::84c1833df1a8;gillman_2023::chunk::91378615dfb3;gillman_2023::chunk::91c975178a34;gillman_2023::chunk::9a2e9c712d52;gillman_2023::chunk::a135d87c557e;gillman_2023::chunk::b8d66db543c2;gillman_2023::chunk::df51155c5328;gillman_2023::chunk::fdb36125c7b2;lindsey_2012::chunk::22a1efbbd284;lindsey_2012::chunk::5157e31148e1;malcolm_2023::chunk::0a92fbaae0fa;malcolm_2023::chunk::c4baa8d977e4;malcolm_2023::chunk::d5c39ea43721
beta_blockers|mdma,mdma,beta_blockers,2,0,2,1,lindsey_2012,Drug Interactions between Common Illicit Drugs and Prescription Therapies,lindsey_2012::chunk::22a1efbbd284;lindsey_2012::chunk::5157e31148e1,,lindsey_2012::chunk::22a1efbbd284;lindsey_2012::chunk::5157e31148e1
beta_blockers|mescaline_peyote,mescaline_peyote,beta_blockers,0,0,0,0,,,,,
beta_blockers|methylphenidate,methylphenidate,beta_blockers,0,0,0,0,,,,,
beta_blockers|nbome_series,nbome_series,beta_blockers,0,0,0,0,,,,,
beta_blockers|ndri_bupropion,ndri_bupropion,beta_blockers,0,4,4,1,schmid_2015_a,"Interactions between bupropion and 3,4-methylenedioxymethamphetamine in healthy subjects",,schmid_2015_a::chunk::237b11fcaa84;schmid_2015_a::chunk::45217f0ffa73;schmid_2015_a::chunk::7e2a245a8130;schmid_2015_a::chunk::9519a6b13019,schmid_2015_a::chunk::237b11fcaa84;schmid_2015_a::chunk::45217f0ffa73;schmid_2015_a::chunk::7e2a245a8130;schmid_2015_a::chunk::9519a6b13019
beta_blockers|nn_dmt,nn_dmt,beta_blockers,2,5,7,3,kargbo_2025;malcolm_2023;ruffell_2020,"Ayahuasca and Drug Interaction: The Good, the Bad, and the Soul | Reducing cardiovascular side effects of DMT using beta‑blockers | The pharmacological interaction of compounds in ayahuasca: a systematic review",kargbo_2025::chunk::1e3318fee23f;kargbo_2025::chunk::30fea5d3db91,malcolm_2023::chunk::c115fff54eba;ruffell_2020::chunk::2e4b273d12f3;ruffell_2020::chunk::3b2fd0f128a6;ruffell_2020::chunk::52ffeca03d9f;ruffell_2020::chunk::c72b2f73e595,kargbo_2025::chunk::1e3318fee23f;kargbo_2025::chunk::30fea5d3db91;malcolm_2023::chunk::c115fff54eba;ruffell_2020::chunk::2e4b273d12f3;ruffell_2020::chunk::3b2fd0f128a6;ruffell_2020::chunk::52ffeca03d9f;ruffell_2020::chunk::c72b2f73e595
beta_blockers|psilocybin,psilocybin,beta_blockers,1,1,2,2,barnett_2025;halman_2024,"Drug-drug interactions involving classic psychedelics: A systematic review | Hypertensive Emergency Secondary to Combining Psilocybin Mushrooms, Extended Release Dextroamphetamine-Amphetamine, and Tranylcypromine",barnett_2025::chunk::0de876d321a0,halman_2024::chunk::3034cb6a7fd1,barnett_2025::chunk::0de876d321a0;halman_2024::chunk::3034cb6a7fd1
beta_blockers|salvia,salvia,beta_blockers,0,0,0,0,,,,,
beta_blockers|serotonergic_opioids,serotonergic_opioids,beta_blockers,1,0,1,1,lindsey_2012,Drug Interactions between Common Illicit Drugs and Prescription Therapies,lindsey_2012::chunk::5157e31148e1,,lindsey_2012::chunk::5157e31148e1
beta_blockers|snri,snri,beta_blockers,0,0,0,0,,,,,
beta_blockers|ssri,ssri,beta_blockers,0,0,0,0,,,,,
beta_blockers|tobacco_rape,tobacco_rape,beta_blockers,0,1,1,1,schmid_2015_a,"Interactions between bupropion and 3,4-methylenedioxymethamphetamine in healthy subjects",,schmid_2015_a::chunk::39c967e598af,schmid_2015_a::chunk::39c967e598af
beta_blockers|tricyclic_ad,tricyclic_ad,beta_blockers,0,0,0,0,,,,,
beta_blockers|two_c_x,two_c_x,beta_blockers,0,0,0,0,,,,,
beta_blockers|yopo,yopo,beta_blockers,0,0,0,0,,,,,
brugmansia|brugmansia,brugmansia,brugmansia,0,0,0,0,,,,,
brugmansia|calcium_channel_blockers,brugmansia,calcium_channel_blockers,0,0,0,0,,,,,
brugmansia|cannabis,brugmansia,cannabis,0,0,0,0,,,,,
brugmansia|clonidine,brugmansia,clonidine,0,0,0,0,,,,,
brugmansia|clonidine_guanfacine,brugmansia,clonidine_guanfacine,0,0,0,0,,,,,
brugmansia|cocaine,brugmansia,cocaine,0,0,0,0,,,,,
brugmansia|dox,brugmansia,dox,0,0,0,0,,,,,
brugmansia|five_meo_dmt,five_meo_dmt,brugmansia,0,0,0,0,,,,,
brugmansia|guanfacine,brugmansia,guanfacine,0,0,0,0,,,,,
brugmansia|iboga,brugmansia,iboga,0,0,0,0,,,,,
brugmansia|kambo,brugmansia,kambo,0,0,0,0,,,,,
brugmansia|ketamine,brugmansia,ketamine,0,0,0,0,,,,,
brugmansia|lamotrigine,brugmansia,lamotrigine,0,0,0,0,,,,,
brugmansia|lithium,brugmansia,lithium,0,1,1,1,gillman_2023,Monoamine oxidase inhibitors and clinically relevant drug interactions,,gillman_2023::chunk::12fd6d056da6,gillman_2023::chunk::12fd6d056da6
brugmansia|lsd,lsd,brugmansia,0,3,3,2,halman_2024;schmid_2015_a,"Drug-drug interactions involving classic psychedelics: A systematic review | Interactions between bupropion and 3,4-methylenedioxymethamphetamine in healthy subjects",,halman_2024::chunk::4400ec57461e;halman_2024::chunk::dfd1bb7a18b8;schmid_2015_a::chunk::ffa7efc60709,halman_2024::chunk::4400ec57461e;halman_2024::chunk::dfd1bb7a18b8;schmid_2015_a::chunk::ffa7efc60709
brugmansia|maoi_pharma,brugmansia,maoi_pharma,0,14,14,2,gillman_2023;malcolm_2023,"Ayahuasca and Drug Interaction: The Good, the Bad, and the Soul | Monoamine oxidase inhibitors and clinically relevant drug interactions",,gillman_2023::chunk::530406309c44;gillman_2023::chunk::6631e88f6197;gillman_2023::chunk::738ca8bf9095;gillman_2023::chunk::84c1833df1a8;gillman_2023::chunk::91378615dfb3;gillman_2023::chunk::91c975178a34;gillman_2023::chunk::9a2e9c712d52;gillman_2023::chunk::a135d87c557e;gillman_2023::chunk::b8d66db543c2;gillman_2023::chunk::df51155c5328;gillman_2023::chunk::fdb36125c7b2;malcolm_2023::chunk::0a92fbaae0fa;malcolm_2023::chunk::c4baa8d977e4;malcolm_2023::chunk::d5c39ea43721,gillman_2023::chunk::530406309c44;gillman_2023::chunk::6631e88f6197;gillman_2023::chunk::738ca8bf9095;gillman_2023::chunk::84c1833df1a8;gillman_2023::chunk::91378615dfb3;gillman_2023::chunk::91c975178a34;gillman_2023::chunk::9a2e9c712d52;gillman_2023::chunk::a135d87c557e;gillman_2023::chunk::b8d66db543c2;gillman_2023::chunk::df51155c5328;gillman_2023::chunk::fdb36125c7b2;malcolm_2023::chunk::0a92fbaae0fa;malcolm_2023::chunk::c4baa8d977e4;malcolm_2023::chunk::d5c39ea43721
brugmansia|mdma,brugmansia,mdma,0,4,4,1,schmid_2015_a,"Interactions between bupropion and 3,4-methylenedioxymethamphetamine in healthy subjects",,schmid_2015_a::chunk::18b3b805afe9;schmid_2015_a::chunk::521b031e4bf9;schmid_2015_a::chunk::9851c738946f;schmid_2015_a::chunk::e53d49d98afa,schmid_2015_a::chunk::18b3b805afe9;schmid_2015_a::chunk::521b031e4bf9;schmid_2015_a::chunk::9851c738946f;schmid_2015_a::chunk::e53d49d98afa
brugmansia|mescaline_peyote,mescaline_peyote,brugmansia,0,0,0,0,,,,,
brugmansia|methylphenidate,brugmansia,methylphenidate,0,0,0,0,,,,,
brugmansia|nbome_series,brugmansia,nbome_series,0,0,0,0,,,,,
brugmansia|ndri_bupropion,brugmansia,ndri_bupropion,0,4,4,1,schmid_2015_a,"Interactions between bupropion and 3,4-methylenedioxymethamphetamine in healthy subjects",,schmid_2015_a::chunk::237b11fcaa84;schmid_2015_a::chunk::45217f0ffa73;schmid_2015_a::chunk::7e2a245a8130;schmid_2015_a::chunk::9519a6b13019,schmid_2015_a::chunk::237b11fcaa84;schmid_2015_a::chunk::45217f0ffa73;schmid_2015_a::chunk::7e2a245a8130;schmid_2015_a::chunk::9519a6b13019
brugmansia|nn_dmt,nn_dmt,brugmansia,0,5,5,2,malcolm_2023;ruffell_2020,"Ayahuasca and Drug Interaction: The Good, the Bad, and the Soul | The pharmacological interaction of compounds in ayahuasca: a systematic review",,malcolm_2023::chunk::c115fff54eba;ruffell_2020::chunk::2e4b273d12f3;ruffell_2020::chunk::3b2fd0f128a6;ruffell_2020::chunk::52ffeca03d9f;ruffell_2020::chunk::c72b2f73e595,malcolm_2023::chunk::c115fff54eba;ruffell_2020::chunk::2e4b273d12f3;ruffell_2020::chunk::3b2fd0f128a6;ruffell_2020::chunk::52ffeca03d9f;ruffell_2020::chunk::c72b2f73e595
brugmansia|psilocybin,psilocybin,brugmansia,0,1,1,1,halman_2024,Drug-drug interactions involving classic psychedelics: A systematic review,,halman_2024::chunk::3034cb6a7fd1,halman_2024::chunk::3034cb6a7fd1
brugmansia|salvia,salvia,brugmansia,0,0,0,0,,,,,
brugmansia|serotonergic_opioids,brugmansia,serotonergic_opioids,0,0,0,0,,,,,
brugmansia|snri,brugmansia,snri,0,0,0,0,,,,,
brugmansia|ssri,brugmansia,ssri,0,0,0,0,,,,,
brugmansia|tobacco_rape,brugmansia,tobacco_rape,0,1,1,1,schmid_2015_a,"Interactions between bupropion and 3,4-methylenedioxymethamphetamine in healthy subjects",,schmid_2015_a::chunk::39c967e598af,schmid_2015_a::chunk::39c967e598af
brugmansia|tricyclic_ad,brugmansia,tricyclic_ad,0,0,0,0,,,,,
brugmansia|two_c_x,brugmansia,two_c_x,0,0,0,0,,,,,
brugmansia|yopo,yopo,brugmansia,0,0,0,0,,,,,
calcium_channel_blockers|calcium_channel_blockers,calcium_channel_blockers,calcium_channel_blockers,0,0,0,0,,,,,
calcium_channel_blockers|cannabis,cannabis,calcium_channel_blockers,0,0,0,0,,,,,
calcium_channel_blockers|clonidine,clonidine,calcium_channel_blockers,0,0,0,0,,,,,
calcium_channel_blockers|cocaine,cocaine,calcium_channel_blockers,0,0,0,0,,,,,
calcium_channel_blockers|dox,dox,calcium_channel_blockers,0,0,0,0,,,,,
calcium_channel_blockers|five_meo_dmt,five_meo_dmt,calcium_channel_blockers,0,0,0,0,,,,,
calcium_channel_blockers|guanfacine,guanfacine,calcium_channel_blockers,0,0,0,0,,,,,
calcium_channel_blockers|iboga,calcium_channel_blockers,iboga,0,0,0,0,,,,,
calcium_channel_blockers|kambo,kambo,calcium_channel_blockers,0,0,0,0,,,,,
calcium_channel_blockers|ketamine,ketamine,calcium_channel_blockers,0,0,0,0,,,,,
calcium_channel_blockers|lamotrigine,lamotrigine,calcium_channel_blockers,0,0,0,0,,,,,
calcium_channel_blockers|lithium,lithium,calcium_channel_blockers,0,1,1,1,gillman_2023,Monoamine oxidase inhibitors and clinically relevant drug interactions,,gillman_2023::chunk::12fd6d056da6,gillman_2023::chunk::12fd6d056da6
calcium_channel_blockers|lsd,lsd,calcium_channel_blockers,0,3,3,2,halman_2024;schmid_2015_a,"Drug-drug interactions involving classic psychedelics: A systematic review | Interactions between bupropion and 3,4-methylenedioxymethamphetamine in healthy subjects",,halman_2024::chunk::4400ec57461e;halman_2024::chunk::dfd1bb7a18b8;schmid_2015_a::chunk::ffa7efc60709,halman_2024::chunk::4400ec57461e;halman_2024::chunk::dfd1bb7a18b8;schmid_2015_a::chunk::ffa7efc60709
calcium_channel_blockers|maoi_pharma,maoi_pharma,calcium_channel_blockers,0,14,14,2,gillman_2023;malcolm_2023,"Ayahuasca and Drug Interaction: The Good, the Bad, and the Soul | Monoamine oxidase inhibitors and clinically relevant drug interactions",,gillman_2023::chunk::530406309c44;gillman_2023::chunk::6631e88f6197;gillman_2023::chunk::738ca8bf9095;gillman_2023::chunk::84c1833df1a8;gillman_2023::chunk::91378615dfb3;gillman_2023::chunk::91c975178a34;gillman_2023::chunk::9a2e9c712d52;gillman_2023::chunk::a135d87c557e;gillman_2023::chunk::b8d66db543c2;gillman_2023::chunk::df51155c5328;gillman_2023::chunk::fdb36125c7b2;malcolm_2023::chunk::0a92fbaae0fa;malcolm_2023::chunk::c4baa8d977e4;malcolm_2023::chunk::d5c39ea43721,gillman_2023::chunk::530406309c44;gillman_2023::chunk::6631e88f6197;gillman_2023::chunk::738ca8bf9095;gillman_2023::chunk::84c1833df1a8;gillman_2023::chunk::91378615dfb3;gillman_2023::chunk::91c975178a34;gillman_2023::chunk::9a2e9c712d52;gillman_2023::chunk::a135d87c557e;gillman_2023::chunk::b8d66db543c2;gillman_2023::chunk::df51155c5328;gillman_2023::chunk::fdb36125c7b2;malcolm_2023::chunk::0a92fbaae0fa;malcolm_2023::chunk::c4baa8d977e4;malcolm_2023::chunk::d5c39ea43721
calcium_channel_blockers|mdma,mdma,calcium_channel_blockers,0,0,0,0,,,,,
calcium_channel_blockers|mescaline_peyote,mescaline_peyote,calcium_channel_blockers,0,0,0,0,,,,,
calcium_channel_blockers|methylphenidate,methylphenidate,calcium_channel_blockers,0,0,0,0,,,,,
calcium_channel_blockers|nbome_series,nbome_series,calcium_channel_blockers,0,0,0,0,,,,,
calcium_channel_blockers|ndri_bupropion,ndri_bupropion,calcium_channel_blockers,0,4,4,1,schmid_2015_a,"Interactions between bupropion and 3,4-methylenedioxymethamphetamine in healthy subjects",,schmid_2015_a::chunk::237b11fcaa84;schmid_2015_a::chunk::45217f0ffa73;schmid_2015_a::chunk::7e2a245a8130;schmid_2015_a::chunk::9519a6b13019,schmid_2015_a::chunk::237b11fcaa84;schmid_2015_a::chunk::45217f0ffa73;schmid_2015_a::chunk::7e2a245a8130;schmid_2015_a::chunk::9519a6b13019
calcium_channel_blockers|nn_dmt,nn_dmt,calcium_channel_blockers,0,5,5,2,malcolm_2023;ruffell_2020,"Ayahuasca and Drug Interaction: The Good, the Bad, and the Soul | The pharmacological interaction of compounds in ayahuasca: a systematic review",,malcolm_2023::chunk::c115fff54eba;ruffell_2020::chunk::2e4b273d12f3;ruffell_2020::chunk::3b2fd0f128a6;ruffell_2020::chunk::52ffeca03d9f;ruffell_2020::chunk::c72b2f73e595,malcolm_2023::chunk::c115fff54eba;ruffell_2020::chunk::2e4b273d12f3;ruffell_2020::chunk::3b2fd0f128a6;ruffell_2020::chunk::52ffeca03d9f;ruffell_2020::chunk::c72b2f73e595
calcium_channel_blockers|psilocybin,psilocybin,calcium_channel_blockers,0,1,1,1,halman_2024,Drug-drug interactions involving classic psychedelics: A systematic review,,halman_2024::chunk::3034cb6a7fd1,halman_2024::chunk::3034cb6a7fd1
calcium_channel_blockers|salvia,salvia,calcium_channel_blockers,0,0,0,0,,,,,
calcium_channel_blockers|serotonergic_opioids,serotonergic_opioids,calcium_channel_blockers,0,0,0,0,,,,,
calcium_channel_blockers|snri,snri,calcium_channel_blockers,0,0,0,0,,,,,
calcium_channel_blockers|ssri,ssri,calcium_channel_blockers,0,0,0,0,,,,,
calcium_channel_blockers|tobacco_rape,tobacco_rape,calcium_channel_blockers,0,1,1,1,schmid_2015_a,"Interactions between bupropion and 3,4-methylenedioxymethamphetamine in healthy subjects",,schmid_2015_a::chunk::39c967e598af,schmid_2015_a::chunk::39c967e598af
calcium_channel_blockers|tricyclic_ad,tricyclic_ad,calcium_channel_blockers,0,0,0,0,,,,,
calcium_channel_blockers|two_c_x,two_c_x,calcium_channel_blockers,0,0,0,0,,,,,
calcium_channel_blockers|yopo,yopo,calcium_channel_blockers,0,0,0,0,,,,,
cannabis|cannabis,cannabis,cannabis,0,0,0,0,,,,,
cannabis|clonidine,cannabis,clonidine,0,0,0,0,,,,,
cannabis|clonidine_guanfacine,cannabis,clonidine_guanfacine,0,0,0,0,,,,,
cannabis|cocaine,cannabis,cocaine,4,0,4,1,lindsey_2012,Drug Interactions between Common Illicit Drugs and Prescription Therapies,lindsey_2012::chunk::22a1efbbd284;lindsey_2012::chunk::2d84fb2a2f44;lindsey_2012::chunk::5157e31148e1;lindsey_2012::chunk::6d1b8e28126d,,lindsey_2012::chunk::22a1efbbd284;lindsey_2012::chunk::2d84fb2a2f44;lindsey_2012::chunk::5157e31148e1;lindsey_2012::chunk::6d1b8e28126d
cannabis|dox,cannabis,dox,0,0,0,0,,,,,
cannabis|five_meo_dmt,five_meo_dmt,cannabis,0,0,0,0,,,,,
cannabis|guanfacine,cannabis,guanfacine,0,0,0,0,,,,,
cannabis|iboga,cannabis,iboga,0,0,0,0,,,,,
cannabis|kambo,kambo,cannabis,0,0,0,0,,,,,
cannabis|ketamine,cannabis,ketamine,1,0,1,1,lindsey_2012,Drug Interactions between Common Illicit Drugs and Prescription Therapies,lindsey_2012::chunk::5157e31148e1,,lindsey_2012::chunk::5157e31148e1
cannabis|lamotrigine,cannabis,lamotrigine,0,0,0,0,,,,,
cannabis|lithium,cannabis,lithium,1,1,2,2,gillman_2023;lindsey_2012,Drug Interactions between Common Illicit Drugs and Prescription Therapies | Monoamine oxidase inhibitors and clinically relevant drug interactions,lindsey_2012::chunk::6d1b8e28126d,gillman_2023::chunk::12fd6d056da6,gillman_2023::chunk::12fd6d056da6;lindsey_2012::chunk::6d1b8e28126d
cannabis|lsd,cannabis,lsd,0,3,3,2,halman_2024;schmid_2015_a,"Drug-drug interactions involving classic psychedelics: A systematic review | Interactions between bupropion and 3,4-methylenedioxymethamphetamine in healthy subjects",,halman_2024::chunk::4400ec57461e;halman_2024::chunk::dfd1bb7a18b8;schmid_2015_a::chunk::ffa7efc60709,halman_2024::chunk::4400ec57461e;halman_2024::chunk::dfd1bb7a18b8;schmid_2015_a::chunk::ffa7efc60709
cannabis|maoi_pharma,cannabis,maoi_pharma,7,14,21,5,barnett_2025;gillman_2023;lindsey_2012;malcolm_2023;rached_2026,"Ayahuasca and Drug Interaction: The Good, the Bad, and the Soul | Drug Interactions between Common Illicit Drugs and Prescription Therapies | Hypertensive Emergency Secondary to Combining Psilocybin Mushrooms, Extended Release Dextroamphetamine-Amphetamine, and Tranylcypromine | Monoamine oxidase inhibitors and clinically relevant drug interactions | Safety and efficacy of monoamine oxidase inhibitors in patients who use psychoactive substances",barnett_2025::chunk::0de876d321a0;lindsey_2012::chunk::22a1efbbd284;lindsey_2012::chunk::5157e31148e1;rached_2026::chunk::89e8183c85b8;rached_2026::chunk::e1501678f2e5;rached_2026::chunk::e96a887142ce;rached_2026::chunk::f3935f82299a,gillman_2023::chunk::530406309c44;gillman_2023::chunk::6631e88f6197;gillman_2023::chunk::738ca8bf9095;gillman_2023::chunk::84c1833df1a8;gillman_2023::chunk::91378615dfb3;gillman_2023::chunk::91c975178a34;gillman_2023::chunk::9a2e9c712d52;gillman_2023::chunk::a135d87c557e;gillman_2023::chunk::b8d66db543c2;gillman_2023::chunk::df51155c5328;gillman_2023::chunk::fdb36125c7b2;malcolm_2023::chunk::0a92fbaae0fa;malcolm_2023::chunk::c4baa8d977e4;malcolm_2023::chunk::d5c39ea43721,barnett_2025::chunk::0de876d321a0;gillman_2023::chunk::530406309c44;gillman_2023::chunk::6631e88f6197;gillman_2023::chunk::738ca8bf9095;gillman_2023::chunk::84c1833df1a8;gillman_2023::chunk::91378615dfb3;gillman_2023::chunk::91c975178a34;gillman_2023::chunk::9a2e9c712d52;gillman_2023::chunk::a135d87c557e;gillman_2023::chunk::b8d66db543c2;gillman_2023::chunk::df51155c5328;gillman_2023::chunk::fdb36125c7b2;lindsey_2012::chunk::22a1efbbd284;lindsey_2012::chunk::5157e31148e1;malcolm_2023::chunk::0a92fbaae0fa;malcolm_2023::chunk::c4baa8d977e4;malcolm_2023::chunk::d5c39ea43721;rached_2026::chunk::89e8183c85b8;rached_2026::chunk::e1501678f2e5;rached_2026::chunk::e96a887142ce;rached_2026::chunk::f3935f82299a
cannabis|mdma,cannabis,mdma,5,4,9,4,cohen_2021;lindsey_2012;rached_2026;schmid_2015_a,"Concomitant drugs associated with increased mortality for MDMA users reported in a drug safety surveillance database | Drug Interactions between Common Illicit Drugs and Prescription Therapies | Interactions between bupropion and 3,4-methylenedioxymethamphetamine in healthy subjects | Safety and efficacy of monoamine oxidase inhibitors in patients who use psychoactive substances",cohen_2021::chunk::1fbe6f25d058;cohen_2021::chunk::68ad620e4828;lindsey_2012::chunk::22a1efbbd284;lindsey_2012::chunk::5157e31148e1;rached_2026::chunk::89e8183c85b8,schmid_2015_a::chunk::18b3b805afe9;schmid_2015_a::chunk::521b031e4bf9;schmid_2015_a::chunk::9851c738946f;schmid_2015_a::chunk::e53d49d98afa,cohen_2021::chunk::1fbe6f25d058;cohen_2021::chunk::68ad620e4828;lindsey_2012::chunk::22a1efbbd284;lindsey_2012::chunk::5157e31148e1;rached_2026::chunk::89e8183c85b8;schmid_2015_a::chunk::18b3b805afe9;schmid_2015_a::chunk::521b031e4bf9;schmid_2015_a::chunk::9851c738946f;schmid_2015_a::chunk::e53d49d98afa
cannabis|mescaline_peyote,mescaline_peyote,cannabis,0,0,0,0,,,,,
cannabis|methylphenidate,cannabis,methylphenidate,0,0,0,0,,,,,
cannabis|nbome_series,cannabis,nbome_series,0,0,0,0,,,,,
cannabis|ndri_bupropion,cannabis,ndri_bupropion,0,4,4,1,schmid_2015_a,"Interactions between bupropion and 3,4-methylenedioxymethamphetamine in healthy subjects",,schmid_2015_a::chunk::237b11fcaa84;schmid_2015_a::chunk::45217f0ffa73;schmid_2015_a::chunk::7e2a245a8130;schmid_2015_a::chunk::9519a6b13019,schmid_2015_a::chunk::237b11fcaa84;schmid_2015_a::chunk::45217f0ffa73;schmid_2015_a::chunk::7e2a245a8130;schmid_2015_a::chunk::9519a6b13019
cannabis|nn_dmt,nn_dmt,cannabis,0,5,5,2,malcolm_2023;ruffell_2020,"Ayahuasca and Drug Interaction: The Good, the Bad, and the Soul | The pharmacological interaction of compounds in ayahuasca: a systematic review",,malcolm_2023::chunk::c115fff54eba;ruffell_2020::chunk::2e4b273d12f3;ruffell_2020::chunk::3b2fd0f128a6;ruffell_2020::chunk::52ffeca03d9f;ruffell_2020::chunk::c72b2f73e595,malcolm_2023::chunk::c115fff54eba;ruffell_2020::chunk::2e4b273d12f3;ruffell_2020::chunk::3b2fd0f128a6;ruffell_2020::chunk::52ffeca03d9f;ruffell_2020::chunk::c72b2f73e595
cannabis|psilocybin,cannabis,psilocybin,1,1,2,2,barnett_2025;halman_2024,"Drug-drug interactions involving classic psychedelics: A systematic review | Hypertensive Emergency Secondary to Combining Psilocybin Mushrooms, Extended Release Dextroamphetamine-Amphetamine, and Tranylcypromine",barnett_2025::chunk::0de876d321a0,halman_2024::chunk::3034cb6a7fd1,barnett_2025::chunk::0de876d321a0;halman_2024::chunk::3034cb6a7fd1
cannabis|salvia,salvia,cannabis,0,0,0,0,,,,,
cannabis|serotonergic_opioids,cannabis,serotonergic_opioids,4,0,4,3,cohen_2021;lindsey_2012;rached_2026,Concomitant drugs associated with increased mortality for MDMA users reported in a drug safety surveillance database | Drug Interactions between Common Illicit Drugs and Prescription Therapies | Safety and efficacy of monoamine oxidase inhibitors in patients who use psychoactive substances,cohen_2021::chunk::1fbe6f25d058;cohen_2021::chunk::68ad620e4828;lindsey_2012::chunk::5157e31148e1;rached_2026::chunk::89e8183c85b8,,cohen_2021::chunk::1fbe6f25d058;cohen_2021::chunk::68ad620e4828;lindsey_2012::chunk::5157e31148e1;rached_2026::chunk::89e8183c85b8
cannabis|snri,cannabis,snri,0,0,0,0,,,,,
cannabis|ssri,cannabis,ssri,1,0,1,1,lindsey_2012,Drug Interactions between Common Illicit Drugs and Prescription Therapies,lindsey_2012::chunk::6d1b8e28126d,,lindsey_2012::chunk::6d1b8e28126d
cannabis|tobacco_rape,tobacco_rape,cannabis,2,1,3,3,cohen_2021;rached_2026;schmid_2015_a,"Concomitant drugs associated with increased mortality for MDMA users reported in a drug safety surveillance database | Interactions between bupropion and 3,4-methylenedioxymethamphetamine in healthy subjects | Safety and efficacy of monoamine oxidase inhibitors in patients who use psychoactive substances",cohen_2021::chunk::1fbe6f25d058;rached_2026::chunk::89e8183c85b8,schmid_2015_a::chunk::39c967e598af,cohen_2021::chunk::1fbe6f25d058;rached_2026::chunk::89e8183c85b8;schmid_2015_a::chunk::39c967e598af
cannabis|tricyclic_ad,cannabis,tricyclic_ad,1,0,1,1,lindsey_2012,Drug Interactions between Common Illicit Drugs and Prescription Therapies,lindsey_2012::chunk::6d1b8e28126d,,lindsey_2012::chunk::6d1b8e28126d
cannabis|two_c_x,cannabis,two_c_x,0,0,0,0,,,,,
cannabis|yopo,yopo,cannabis,0,0,0,0,,,,,
clonidine_guanfacine|clonidine_guanfacine,clonidine_guanfacine,clonidine_guanfacine,0,0,0,0,,,,,
clonidine_guanfacine|cocaine,cocaine,clonidine_guanfacine,0,0,0,0,,,,,
clonidine_guanfacine|dox,dox,clonidine_guanfacine,0,0,0,0,,,,,
clonidine_guanfacine|five_meo_dmt,five_meo_dmt,clonidine_guanfacine,0,0,0,0,,,,,
clonidine_guanfacine|iboga,clonidine_guanfacine,iboga,0,0,0,0,,,,,
clonidine_guanfacine|kambo,kambo,clonidine_guanfacine,0,0,0,0,,,,,
clonidine_guanfacine|ketamine,ketamine,clonidine_guanfacine,0,0,0,0,,,,,
clonidine_guanfacine|lamotrigine,lamotrigine,clonidine_guanfacine,0,0,0,0,,,,,
clonidine_guanfacine|lithium,lithium,clonidine_guanfacine,0,1,1,1,gillman_2023,Monoamine oxidase inhibitors and clinically relevant drug interactions,,gillman_2023::chunk::12fd6d056da6,gillman_2023::chunk::12fd6d056da6
clonidine_guanfacine|lsd,lsd,clonidine_guanfacine,0,3,3,2,halman_2024;schmid_2015_a,"Drug-drug interactions involving classic psychedelics: A systematic review | Interactions between bupropion and 3,4-methylenedioxymethamphetamine in healthy subjects",,halman_2024::chunk::4400ec57461e;halman_2024::chunk::dfd1bb7a18b8;schmid_2015_a::chunk::ffa7efc60709,halman_2024::chunk::4400ec57461e;halman_2024::chunk::dfd1bb7a18b8;schmid_2015_a::chunk::ffa7efc60709
clonidine_guanfacine|maoi_pharma,maoi_pharma,clonidine_guanfacine,0,14,14,2,gillman_2023;malcolm_2023,"Ayahuasca and Drug Interaction: The Good, the Bad, and the Soul | Monoamine oxidase inhibitors and clinically relevant drug interactions",,gillman_2023::chunk::530406309c44;gillman_2023::chunk::6631e88f6197;gillman_2023::chunk::738ca8bf9095;gillman_2023::chunk::84c1833df1a8;gillman_2023::chunk::91378615dfb3;gillman_2023::chunk::91c975178a34;gillman_2023::chunk::9a2e9c712d52;gillman_2023::chunk::a135d87c557e;gillman_2023::chunk::b8d66db543c2;gillman_2023::chunk::df51155c5328;gillman_2023::chunk::fdb36125c7b2;malcolm_2023::chunk::0a92fbaae0fa;malcolm_2023::chunk::c4baa8d977e4;malcolm_2023::chunk::d5c39ea43721,gillman_2023::chunk::530406309c44;gillman_2023::chunk::6631e88f6197;gillman_2023::chunk::738ca8bf9095;gillman_2023::chunk::84c1833df1a8;gillman_2023::chunk::91378615dfb3;gillman_2023::chunk::91c975178a34;gillman_2023::chunk::9a2e9c712d52;gillman_2023::chunk::a135d87c557e;gillman_2023::chunk::b8d66db543c2;gillman_2023::chunk::df51155c5328;gillman_2023::chunk::fdb36125c7b2;malcolm_2023::chunk::0a92fbaae0fa;malcolm_2023::chunk::c4baa8d977e4;malcolm_2023::chunk::d5c39ea43721
clonidine_guanfacine|mdma,mdma,clonidine_guanfacine,0,4,4,1,schmid_2015_a,"Interactions between bupropion and 3,4-methylenedioxymethamphetamine in healthy subjects",,schmid_2015_a::chunk::18b3b805afe9;schmid_2015_a::chunk::521b031e4bf9;schmid_2015_a::chunk::9851c738946f;schmid_2015_a::chunk::e53d49d98afa,schmid_2015_a::chunk::18b3b805afe9;schmid_2015_a::chunk::521b031e4bf9;schmid_2015_a::chunk::9851c738946f;schmid_2015_a::chunk::e53d49d98afa
clonidine_guanfacine|mescaline_peyote,mescaline_peyote,clonidine_guanfacine,0,0,0,0,,,,,
clonidine_guanfacine|methylphenidate,methylphenidate,clonidine_guanfacine,0,0,0,0,,,,,
clonidine_guanfacine|nbome_series,nbome_series,clonidine_guanfacine,0,0,0,0,,,,,
clonidine_guanfacine|ndri_bupropion,ndri_bupropion,clonidine_guanfacine,0,4,4,1,schmid_2015_a,"Interactions between bupropion and 3,4-methylenedioxymethamphetamine in healthy subjects",,schmid_2015_a::chunk::237b11fcaa84;schmid_2015_a::chunk::45217f0ffa73;schmid_2015_a::chunk::7e2a245a8130;schmid_2015_a::chunk::9519a6b13019,schmid_2015_a::chunk::237b11fcaa84;schmid_2015_a::chunk::45217f0ffa73;schmid_2015_a::chunk::7e2a245a8130;schmid_2015_a::chunk::9519a6b13019
clonidine_guanfacine|nn_dmt,nn_dmt,clonidine_guanfacine,0,5,5,2,malcolm_2023;ruffell_2020,"Ayahuasca and Drug Interaction: The Good, the Bad, and the Soul | The pharmacological interaction of compounds in ayahuasca: a systematic review",,malcolm_2023::chunk::c115fff54eba;ruffell_2020::chunk::2e4b273d12f3;ruffell_2020::chunk::3b2fd0f128a6;ruffell_2020::chunk::52ffeca03d9f;ruffell_2020::chunk::c72b2f73e595,malcolm_2023::chunk::c115fff54eba;ruffell_2020::chunk::2e4b273d12f3;ruffell_2020::chunk::3b2fd0f128a6;ruffell_2020::chunk::52ffeca03d9f;ruffell_2020::chunk::c72b2f73e595
clonidine_guanfacine|psilocybin,psilocybin,clonidine_guanfacine,0,1,1,1,halman_2024,Drug-drug interactions involving classic psychedelics: A systematic review,,halman_2024::chunk::3034cb6a7fd1,halman_2024::chunk::3034cb6a7fd1
clonidine_guanfacine|salvia,salvia,clonidine_guanfacine,0,0,0,0,,,,,
clonidine_guanfacine|serotonergic_opioids,serotonergic_opioids,clonidine_guanfacine,0,0,0,0,,,,,
clonidine_guanfacine|snri,snri,clonidine_guanfacine,0,0,0,0,,,,,
clonidine_guanfacine|ssri,ssri,clonidine_guanfacine,0,0,0,0,,,,,
clonidine_guanfacine|tobacco_rape,tobacco_rape,clonidine_guanfacine,0,1,1,1,schmid_2015_a,"Interactions between bupropion and 3,4-methylenedioxymethamphetamine in healthy subjects",,schmid_2015_a::chunk::39c967e598af,schmid_2015_a::chunk::39c967e598af
clonidine_guanfacine|tricyclic_ad,tricyclic_ad,clonidine_guanfacine,0,0,0,0,,,,,
clonidine_guanfacine|two_c_x,two_c_x,clonidine_guanfacine,0,0,0,0,,,,,
clonidine_guanfacine|yopo,yopo,clonidine_guanfacine,0,0,0,0,,,,,
clonidine|clonidine,clonidine,clonidine,0,0,0,0,,,,,
clonidine|cocaine,cocaine,clonidine,0,0,0,0,,,,,
clonidine|dox,dox,clonidine,0,0,0,0,,,,,
clonidine|five_meo_dmt,five_meo_dmt,clonidine,0,0,0,0,,,,,
clonidine|iboga,clonidine,iboga,0,0,0,0,,,,,
clonidine|kambo,kambo,clonidine,0,0,0,0,,,,,
clonidine|ketamine,ketamine,clonidine,0,0,0,0,,,,,
clonidine|lamotrigine,lamotrigine,clonidine,0,0,0,0,,,,,
clonidine|lithium,lithium,clonidine,0,1,1,1,gillman_2023,Monoamine oxidase inhibitors and clinically relevant drug interactions,,gillman_2023::chunk::12fd6d056da6,gillman_2023::chunk::12fd6d056da6
clonidine|lsd,lsd,clonidine,0,3,3,2,halman_2024;schmid_2015_a,"Drug-drug interactions involving classic psychedelics: A systematic review | Interactions between bupropion and 3,4-methylenedioxymethamphetamine in healthy subjects",,halman_2024::chunk::4400ec57461e;halman_2024::chunk::dfd1bb7a18b8;schmid_2015_a::chunk::ffa7efc60709,halman_2024::chunk::4400ec57461e;halman_2024::chunk::dfd1bb7a18b8;schmid_2015_a::chunk::ffa7efc60709
clonidine|maoi_pharma,maoi_pharma,clonidine,0,14,14,2,gillman_2023;malcolm_2023,"Ayahuasca and Drug Interaction: The Good, the Bad, and the Soul | Monoamine oxidase inhibitors and clinically relevant drug interactions",,gillman_2023::chunk::530406309c44;gillman_2023::chunk::6631e88f6197;gillman_2023::chunk::738ca8bf9095;gillman_2023::chunk::84c1833df1a8;gillman_2023::chunk::91378615dfb3;gillman_2023::chunk::91c975178a34;gillman_2023::chunk::9a2e9c712d52;gillman_2023::chunk::a135d87c557e;gillman_2023::chunk::b8d66db543c2;gillman_2023::chunk::df51155c5328;gillman_2023::chunk::fdb36125c7b2;malcolm_2023::chunk::0a92fbaae0fa;malcolm_2023::chunk::c4baa8d977e4;malcolm_2023::chunk::d5c39ea43721,gillman_2023::chunk::530406309c44;gillman_2023::chunk::6631e88f6197;gillman_2023::chunk::738ca8bf9095;gillman_2023::chunk::84c1833df1a8;gillman_2023::chunk::91378615dfb3;gillman_2023::chunk::91c975178a34;gillman_2023::chunk::9a2e9c712d52;gillman_2023::chunk::a135d87c557e;gillman_2023::chunk::b8d66db543c2;gillman_2023::chunk::df51155c5328;gillman_2023::chunk::fdb36125c7b2;malcolm_2023::chunk::0a92fbaae0fa;malcolm_2023::chunk::c4baa8d977e4;malcolm_2023::chunk::d5c39ea43721
clonidine|mdma,mdma,clonidine,0,0,0,0,,,,,
clonidine|mescaline_peyote,mescaline_peyote,clonidine,0,0,0,0,,,,,
clonidine|methylphenidate,methylphenidate,clonidine,0,0,0,0,,,,,
clonidine|nbome_series,nbome_series,clonidine,0,0,0,0,,,,,
clonidine|ndri_bupropion,ndri_bupropion,clonidine,0,4,4,1,schmid_2015_a,"Interactions between bupropion and 3,4-methylenedioxymethamphetamine in healthy subjects",,schmid_2015_a::chunk::237b11fcaa84;schmid_2015_a::chunk::45217f0ffa73;schmid_2015_a::chunk::7e2a245a8130;schmid_2015_a::chunk::9519a6b13019,schmid_2015_a::chunk::237b11fcaa84;schmid_2015_a::chunk::45217f0ffa73;schmid_2015_a::chunk::7e2a245a8130;schmid_2015_a::chunk::9519a6b13019
clonidine|nn_dmt,nn_dmt,clonidine,0,5,5,2,malcolm_2023;ruffell_2020,"Ayahuasca and Drug Interaction: The Good, the Bad, and the Soul | The pharmacological interaction of compounds in ayahuasca: a systematic review",,malcolm_2023::chunk::c115fff54eba;ruffell_2020::chunk::2e4b273d12f3;ruffell_2020::chunk::3b2fd0f128a6;ruffell_2020::chunk::52ffeca03d9f;ruffell_2020::chunk::c72b2f73e595,malcolm_2023::chunk::c115fff54eba;ruffell_2020::chunk::2e4b273d12f3;ruffell_2020::chunk::3b2fd0f128a6;ruffell_2020::chunk::52ffeca03d9f;ruffell_2020::chunk::c72b2f73e595
clonidine|psilocybin,psilocybin,clonidine,0,1,1,1,halman_2024,Drug-drug interactions involving classic psychedelics: A systematic review,,halman_2024::chunk::3034cb6a7fd1,halman_2024::chunk::3034cb6a7fd1
clonidine|salvia,salvia,clonidine,0,0,0,0,,,,,
clonidine|serotonergic_opioids,serotonergic_opioids,clonidine,0,0,0,0,,,,,
clonidine|snri,snri,clonidine,0,0,0,0,,,,,
clonidine|ssri,ssri,clonidine,0,0,0,0,,,,,
clonidine|tobacco_rape,tobacco_rape,clonidine,0,1,1,1,schmid_2015_a,"Interactions between bupropion and 3,4-methylenedioxymethamphetamine in healthy subjects",,schmid_2015_a::chunk::39c967e598af,schmid_2015_a::chunk::39c967e598af
clonidine|tricyclic_ad,tricyclic_ad,clonidine,0,0,0,0,,,,,
clonidine|two_c_x,two_c_x,clonidine,0,0,0,0,,,,,
clonidine|yopo,yopo,clonidine,0,0,0,0,,,,,
cocaine|cocaine,cocaine,cocaine,0,0,0,0,,,,,
cocaine|dox,cocaine,dox,0,0,0,0,,,,,
cocaine|five_meo_dmt,five_meo_dmt,cocaine,0,0,0,0,,,,,
cocaine|guanfacine,cocaine,guanfacine,0,0,0,0,,,,,
cocaine|iboga,cocaine,iboga,2,0,2,1,knuijver_2020,Safety of ibogaine administration in detoxification of opioid-dependent individuals: a descriptive open-label observational study,knuijver_2020::chunk::4e75fd2dabae;knuijver_2020::chunk::b7bbfb76393a,,knuijver_2020::chunk::4e75fd2dabae;knuijver_2020::chunk::b7bbfb76393a
cocaine|kambo,kambo,cocaine,0,0,0,0,,,,,
cocaine|ketamine,cocaine,ketamine,1,0,1,1,lindsey_2012,Drug Interactions between Common Illicit Drugs and Prescription Therapies,lindsey_2012::chunk::5157e31148e1,,lindsey_2012::chunk::5157e31148e1
cocaine|lamotrigine,cocaine,lamotrigine,0,0,0,0,,,,,
cocaine|lithium,cocaine,lithium,1,1,2,2,baldo_2018;gillman_2023,Monoamine oxidase inhibitors and clinically relevant drug interactions | Opioid analgesic drugs and serotonin toxicity syndrome_mechanisms animal models and links to clinical effects,baldo_2018::chunk::1e917052d16f,gillman_2023::chunk::12fd6d056da6,baldo_2018::chunk::1e917052d16f;gillman_2023::chunk::12fd6d056da6
cocaine|lsd,lsd,cocaine,1,3,4,3,baldo_2018;halman_2024;schmid_2015_a,"Drug-drug interactions involving classic psychedelics: A systematic review | Interactions between bupropion and 3,4-methylenedioxymethamphetamine in healthy subjects | Opioid analgesic drugs and serotonin toxicity syndrome_mechanisms animal models and links to clinical effects",baldo_2018::chunk::1e917052d16f,halman_2024::chunk::4400ec57461e;halman_2024::chunk::dfd1bb7a18b8;schmid_2015_a::chunk::ffa7efc60709,baldo_2018::chunk::1e917052d16f;halman_2024::chunk::4400ec57461e;halman_2024::chunk::dfd1bb7a18b8;schmid_2015_a::chunk::ffa7efc60709
cocaine|maoi_pharma,maoi_pharma,cocaine,4,14,18,4,gillman_2023;lindsey_2012;malcolm_2023;rached_2026,"Ayahuasca and Drug Interaction: The Good, the Bad, and the Soul | Drug Interactions between Common Illicit Drugs and Prescription Therapies | Monoamine oxidase inhibitors and clinically relevant drug interactions | Safety and efficacy of monoamine oxidase inhibitors in patients who use psychoactive substances",lindsey_2012::chunk::22a1efbbd284;lindsey_2012::chunk::5157e31148e1;rached_2026::chunk::ccb7ce6fdd3e;rached_2026::chunk::f0b8f4bd20a9,gillman_2023::chunk::530406309c44;gillman_2023::chunk::6631e88f6197;gillman_2023::chunk::738ca8bf9095;gillman_2023::chunk::84c1833df1a8;gillman_2023::chunk::91378615dfb3;gillman_2023::chunk::91c975178a34;gillman_2023::chunk::9a2e9c712d52;gillman_2023::chunk::a135d87c557e;gillman_2023::chunk::b8d66db543c2;gillman_2023::chunk::df51155c5328;gillman_2023::chunk::fdb36125c7b2;malcolm_2023::chunk::0a92fbaae0fa;malcolm_2023::chunk::c4baa8d977e4;malcolm_2023::chunk::d5c39ea43721,gillman_2023::chunk::530406309c44;gillman_2023::chunk::6631e88f6197;gillman_2023::chunk::738ca8bf9095;gillman_2023::chunk::84c1833df1a8;gillman_2023::chunk::91378615dfb3;gillman_2023::chunk::91c975178a34;gillman_2023::chunk::9a2e9c712d52;gillman_2023::chunk::a135d87c557e;gillman_2023::chunk::b8d66db543c2;gillman_2023::chunk::df51155c5328;gillman_2023::chunk::fdb36125c7b2;lindsey_2012::chunk::22a1efbbd284;lindsey_2012::chunk::5157e31148e1;malcolm_2023::chunk::0a92fbaae0fa;malcolm_2023::chunk::c4baa8d977e4;malcolm_2023::chunk::d5c39ea43721;rached_2026::chunk::ccb7ce6fdd3e;rached_2026::chunk::f0b8f4bd20a9
cocaine|mdma,cocaine,mdma,4,4,8,3,lindsey_2012;rached_2026;schmid_2015_a,"Drug Interactions between Common Illicit Drugs and Prescription Therapies | Interactions between bupropion and 3,4-methylenedioxymethamphetamine in healthy subjects | Safety and efficacy of monoamine oxidase inhibitors in patients who use psychoactive substances",lindsey_2012::chunk::22a1efbbd284;lindsey_2012::chunk::5157e31148e1;lindsey_2012::chunk::6d1b8e28126d;rached_2026::chunk::f0b8f4bd20a9,schmid_2015_a::chunk::18b3b805afe9;schmid_2015_a::chunk::521b031e4bf9;schmid_2015_a::chunk::9851c738946f;schmid_2015_a::chunk::e53d49d98afa,lindsey_2012::chunk::22a1efbbd284;lindsey_2012::chunk::5157e31148e1;lindsey_2012::chunk::6d1b8e28126d;rached_2026::chunk::f0b8f4bd20a9;schmid_2015_a::chunk::18b3b805afe9;schmid_2015_a::chunk::521b031e4bf9;schmid_2015_a::chunk::9851c738946f;schmid_2015_a::chunk::e53d49d98afa
cocaine|mescaline_peyote,mescaline_peyote,cocaine,0,0,0,0,,,,,
cocaine|methylphenidate,methylphenidate,cocaine,0,0,0,0,,,,,
cocaine|nbome_series,cocaine,nbome_series,0,0,0,0,,,,,
cocaine|ndri_bupropion,ndri_bupropion,cocaine,0,4,4,1,schmid_2015_a,"Interactions between bupropion and 3,4-methylenedioxymethamphetamine in healthy subjects",,schmid_2015_a::chunk::237b11fcaa84;schmid_2015_a::chunk::45217f0ffa73;schmid_2015_a::chunk::7e2a245a8130;schmid_2015_a::chunk::9519a6b13019,schmid_2015_a::chunk::237b11fcaa84;schmid_2015_a::chunk::45217f0ffa73;schmid_2015_a::chunk::7e2a245a8130;schmid_2015_a::chunk::9519a6b13019
cocaine|nn_dmt,nn_dmt,cocaine,0,5,5,2,malcolm_2023;ruffell_2020,"Ayahuasca and Drug Interaction: The Good, the Bad, and the Soul | The pharmacological interaction of compounds in ayahuasca: a systematic review",,malcolm_2023::chunk::c115fff54eba;ruffell_2020::chunk::2e4b273d12f3;ruffell_2020::chunk::3b2fd0f128a6;ruffell_2020::chunk::52ffeca03d9f;ruffell_2020::chunk::c72b2f73e595,malcolm_2023::chunk::c115fff54eba;ruffell_2020::chunk::2e4b273d12f3;ruffell_2020::chunk::3b2fd0f128a6;ruffell_2020::chunk::52ffeca03d9f;ruffell_2020::chunk::c72b2f73e595
cocaine|psilocybin,psilocybin,cocaine,1,1,2,2,halman_2024;rached_2026,Drug-drug interactions involving classic psychedelics: A systematic review | Safety and efficacy of monoamine oxidase inhibitors in patients who use psychoactive substances,rached_2026::chunk::f0b8f4bd20a9,halman_2024::chunk::3034cb6a7fd1,halman_2024::chunk::3034cb6a7fd1;rached_2026::chunk::f0b8f4bd20a9
cocaine|salvia,salvia,cocaine,0,0,0,0,,,,,
cocaine|serotonergic_opioids,cocaine,serotonergic_opioids,4,0,4,4,baldo_2018;knuijver_2020;lindsey_2012;rached_2026,Drug Interactions between Common Illicit Drugs and Prescription Therapies | Opioid analgesic drugs and serotonin toxicity syndrome_mechanisms animal models and links to clinical effects | Safety and efficacy of monoamine oxidase inhibitors in patients who use psychoactive substances | Safety of ibogaine administration in detoxification of opioid-dependent individuals: a descriptive open-label observational study,baldo_2018::chunk::1e917052d16f;knuijver_2020::chunk::4e75fd2dabae;lindsey_2012::chunk::5157e31148e1;rached_2026::chunk::f0b8f4bd20a9,,baldo_2018::chunk::1e917052d16f;knuijver_2020::chunk::4e75fd2dabae;lindsey_2012::chunk::5157e31148e1;rached_2026::chunk::f0b8f4bd20a9
cocaine|snri,snri,cocaine,0,0,0,0,,,,,
cocaine|ssri,ssri,cocaine,1,0,1,1,baldo_2018,Opioid analgesic drugs and serotonin toxicity syndrome_mechanisms animal models and links to clinical effects,baldo_2018::chunk::1e917052d16f,,baldo_2018::chunk::1e917052d16f
cocaine|tobacco_rape,tobacco_rape,cocaine,0,1,1,1,schmid_2015_a,"Interactions between bupropion and 3,4-methylenedioxymethamphetamine in healthy subjects",,schmid_2015_a::chunk::39c967e598af,schmid_2015_a::chunk::39c967e598af
cocaine|tricyclic_ad,tricyclic_ad,cocaine,0,0,0,0,,,,,
cocaine|two_c_x,cocaine,two_c_x,0,0,0,0,,,,,
cocaine|yopo,yopo,cocaine,0,0,0,0,,,,,
dox|dox,dox,dox,0,0,0,0,,,,,
dox|five_meo_dmt,five_meo_dmt,dox,0,1,1,1,thomas_2024,Toxicology and Pharmacological Interactions of Classic Psychedelics,,thomas_2024::chunk::d0df4f624773,thomas_2024::chunk::d0df4f624773
dox|guanfacine,dox,guanfacine,0,0,0,0,,,,,
dox|iboga,dox,iboga,0,0,0,0,,,,,
dox|kambo,kambo,dox,0,0,0,0,,,,,
dox|ketamine,dox,ketamine,0,0,0,0,,,,,
dox|lamotrigine,dox,lamotrigine,0,0,0,0,,,,,
dox|lithium,dox,lithium,0,1,1,1,gillman_2023,Monoamine oxidase inhibitors and clinically relevant drug interactions,,gillman_2023::chunk::12fd6d056da6,gillman_2023::chunk::12fd6d056da6
dox|lsd,lsd,dox,0,4,4,3,halman_2024;schmid_2015_a;thomas_2024,"Drug-drug interactions involving classic psychedelics: A systematic review | Interactions between bupropion and 3,4-methylenedioxymethamphetamine in healthy subjects | Toxicology and Pharmacological Interactions of Classic Psychedelics",,halman_2024::chunk::4400ec57461e;halman_2024::chunk::dfd1bb7a18b8;schmid_2015_a::chunk::ffa7efc60709;thomas_2024::chunk::d0df4f624773,halman_2024::chunk::4400ec57461e;halman_2024::chunk::dfd1bb7a18b8;schmid_2015_a::chunk::ffa7efc60709;thomas_2024::chunk::d0df4f624773
dox|maoi_pharma,maoi_pharma,dox,0,14,14,2,gillman_2023;malcolm_2023,"Ayahuasca and Drug Interaction: The Good, the Bad, and the Soul | Monoamine oxidase inhibitors and clinically relevant drug interactions",,gillman_2023::chunk::530406309c44;gillman_2023::chunk::6631e88f6197;gillman_2023::chunk::738ca8bf9095;gillman_2023::chunk::84c1833df1a8;gillman_2023::chunk::91378615dfb3;gillman_2023::chunk::91c975178a34;gillman_2023::chunk::9a2e9c712d52;gillman_2023::chunk::a135d87c557e;gillman_2023::chunk::b8d66db543c2;gillman_2023::chunk::df51155c5328;gillman_2023::chunk::fdb36125c7b2;malcolm_2023::chunk::0a92fbaae0fa;malcolm_2023::chunk::c4baa8d977e4;malcolm_2023::chunk::d5c39ea43721,gillman_2023::chunk::530406309c44;gillman_2023::chunk::6631e88f6197;gillman_2023::chunk::738ca8bf9095;gillman_2023::chunk::84c1833df1a8;gillman_2023::chunk::91378615dfb3;gillman_2023::chunk::91c975178a34;gillman_2023::chunk::9a2e9c712d52;gillman_2023::chunk::a135d87c557e;gillman_2023::chunk::b8d66db543c2;gillman_2023::chunk::df51155c5328;gillman_2023::chunk::fdb36125c7b2;malcolm_2023::chunk::0a92fbaae0fa;malcolm_2023::chunk::c4baa8d977e4;malcolm_2023::chunk::d5c39ea43721
dox|mdma,mdma,dox,0,4,4,1,schmid_2015_a,"Interactions between bupropion and 3,4-methylenedioxymethamphetamine in healthy subjects",,schmid_2015_a::chunk::18b3b805afe9;schmid_2015_a::chunk::521b031e4bf9;schmid_2015_a::chunk::9851c738946f;schmid_2015_a::chunk::e53d49d98afa,schmid_2015_a::chunk::18b3b805afe9;schmid_2015_a::chunk::521b031e4bf9;schmid_2015_a::chunk::9851c738946f;schmid_2015_a::chunk::e53d49d98afa
dox|mescaline_peyote,mescaline_peyote,dox,0,1,1,1,thomas_2024,Toxicology and Pharmacological Interactions of Classic Psychedelics,,thomas_2024::chunk::d0df4f624773,thomas_2024::chunk::d0df4f624773
dox|methylphenidate,methylphenidate,dox,0,0,0,0,,,,,
dox|nbome_series,dox,nbome_series,0,1,1,1,thomas_2024,Toxicology and Pharmacological Interactions of Classic Psychedelics,,thomas_2024::chunk::d0df4f624773,thomas_2024::chunk::d0df4f624773
dox|ndri_bupropion,ndri_bupropion,dox,0,4,4,1,schmid_2015_a,"Interactions between bupropion and 3,4-methylenedioxymethamphetamine in healthy subjects",,schmid_2015_a::chunk::237b11fcaa84;schmid_2015_a::chunk::45217f0ffa73;schmid_2015_a::chunk::7e2a245a8130;schmid_2015_a::chunk::9519a6b13019,schmid_2015_a::chunk::237b11fcaa84;schmid_2015_a::chunk::45217f0ffa73;schmid_2015_a::chunk::7e2a245a8130;schmid_2015_a::chunk::9519a6b13019
dox|nn_dmt,nn_dmt,dox,0,6,6,3,malcolm_2023;ruffell_2020;thomas_2024,"Ayahuasca and Drug Interaction: The Good, the Bad, and the Soul | The pharmacological interaction of compounds in ayahuasca: a systematic review | Toxicology and Pharmacological Interactions of Classic Psychedelics",,malcolm_2023::chunk::c115fff54eba;ruffell_2020::chunk::2e4b273d12f3;ruffell_2020::chunk::3b2fd0f128a6;ruffell_2020::chunk::52ffeca03d9f;ruffell_2020::chunk::c72b2f73e595;thomas_2024::chunk::d0df4f624773,malcolm_2023::chunk::c115fff54eba;ruffell_2020::chunk::2e4b273d12f3;ruffell_2020::chunk::3b2fd0f128a6;ruffell_2020::chunk::52ffeca03d9f;ruffell_2020::chunk::c72b2f73e595;thomas_2024::chunk::d0df4f624773
dox|psilocybin,psilocybin,dox,0,2,2,2,halman_2024;thomas_2024,Drug-drug interactions involving classic psychedelics: A systematic review | Toxicology and Pharmacological Interactions of Classic Psychedelics,,halman_2024::chunk::3034cb6a7fd1;thomas_2024::chunk::d0df4f624773,halman_2024::chunk::3034cb6a7fd1;thomas_2024::chunk::d0df4f624773
dox|salvia,salvia,dox,0,0,0,0,,,,,
dox|serotonergic_opioids,dox,serotonergic_opioids,0,0,0,0,,,,,
dox|snri,snri,dox,0,0,0,0,,,,,
dox|ssri,ssri,dox,0,0,0,0,,,,,
dox|tobacco_rape,tobacco_rape,dox,0,1,1,1,schmid_2015_a,"Interactions between bupropion and 3,4-methylenedioxymethamphetamine in healthy subjects",,schmid_2015_a::chunk::39c967e598af,schmid_2015_a::chunk::39c967e598af
dox|tricyclic_ad,tricyclic_ad,dox,0,0,0,0,,,,,
dox|two_c_x,two_c_x,dox,0,1,1,1,thomas_2024,Toxicology and Pharmacological Interactions of Classic Psychedelics,,thomas_2024::chunk::d0df4f624773,thomas_2024::chunk::d0df4f624773
dox|yopo,yopo,dox,0,0,0,0,,,,,
five_meo_dmt|five_meo_dmt,five_meo_dmt,five_meo_dmt,0,0,0,0,,,,,
five_meo_dmt|guanfacine,five_meo_dmt,guanfacine,0,0,0,0,,,,,
five_meo_dmt|iboga,five_meo_dmt,iboga,0,0,0,0,,,,,
five_meo_dmt|kambo,five_meo_dmt,kambo,0,0,0,0,,,,,
five_meo_dmt|ketamine,five_meo_dmt,ketamine,0,0,0,0,,,,,
five_meo_dmt|lamotrigine,five_meo_dmt,lamotrigine,0,0,0,0,,,,,
five_meo_dmt|lithium,five_meo_dmt,lithium,0,1,1,1,gillman_2023,Monoamine oxidase inhibitors and clinically relevant drug interactions,,gillman_2023::chunk::12fd6d056da6,gillman_2023::chunk::12fd6d056da6
five_meo_dmt|lsd,five_meo_dmt,lsd,5,4,8,3,halman_2024;schmid_2015_a;thomas_2024,"Drug-drug interactions involving classic psychedelics: A systematic review | Interactions between bupropion and 3,4-methylenedioxymethamphetamine in healthy subjects | Toxicology and Pharmacological Interactions of Classic Psychedelics",halman_2024::chunk::567a1313706a;halman_2024::chunk::6d291e0046ea;halman_2024::chunk::79ddc2cb2eb8;halman_2024::chunk::dfd1bb7a18b8;halman_2024::chunk::e7863b8670d9,halman_2024::chunk::4400ec57461e;halman_2024::chunk::dfd1bb7a18b8;schmid_2015_a::chunk::ffa7efc60709;thomas_2024::chunk::d0df4f624773,halman_2024::chunk::4400ec57461e;halman_2024::chunk::567a1313706a;halman_2024::chunk::6d291e0046ea;halman_2024::chunk::79ddc2cb2eb8;halman_2024::chunk::dfd1bb7a18b8;halman_2024::chunk::e7863b8670d9;schmid_2015_a::chunk::ffa7efc60709;thomas_2024::chunk::d0df4f624773
five_meo_dmt|maoi_pharma,five_meo_dmt,maoi_pharma,11,14,25,5,gillman_2023;malcolm_2023;rached_2026;ruffell_2020;shen_2010,"Ayahuasca and Drug Interaction: The Good, the Bad, and the Soul | Effects of monoamine oxidase inhibitor and cytochrome P450 2D6 status on 5-methoxy-N,N-dimethyltryptamine metabolism and pharmacokinetics | Monoamine oxidase inhibitors and clinically relevant drug interactions | Safety and efficacy of monoamine oxidase inhibitors in patients who use psychoactive substances | The pharmacological interaction of compounds in ayahuasca: a systematic review",rached_2026::chunk::ccb7ce6fdd3e;ruffell_2020::chunk::126e542071d8;ruffell_2020::chunk::6ced3402b1de;ruffell_2020::chunk::ce6e93e53569;ruffell_2020::chunk::ec9e83519a68;shen_2010::chunk::0a09aad5eb50;shen_2010::chunk::371aa9afe39f;shen_2010::chunk::3cb8a9ef072c;shen_2010::chunk::667307899345;shen_2010::chunk::be4592a8ea52;shen_2010::chunk::cc966fd2a3a8,gillman_2023::chunk::530406309c44;gillman_2023::chunk::6631e88f6197;gillman_2023::chunk::738ca8bf9095;gillman_2023::chunk::84c1833df1a8;gillman_2023::chunk::91378615dfb3;gillman_2023::chunk::91c975178a34;gillman_2023::chunk::9a2e9c712d52;gillman_2023::chunk::a135d87c557e;gillman_2023::chunk::b8d66db543c2;gillman_2023::chunk::df51155c5328;gillman_2023::chunk::fdb36125c7b2;malcolm_2023::chunk::0a92fbaae0fa;malcolm_2023::chunk::c4baa8d977e4;malcolm_2023::chunk::d5c39ea43721,gillman_2023::chunk::530406309c44;gillman_2023::chunk::6631e88f6197;gillman_2023::chunk::738ca8bf9095;gillman_2023::chunk::84c1833df1a8;gillman_2023::chunk::91378615dfb3;gillman_2023::chunk::91c975178a34;gillman_2023::chunk::9a2e9c712d52;gillman_2023::chunk::a135d87c557e;gillman_2023::chunk::b8d66db543c2;gillman_2023::chunk::df51155c5328;gillman_2023::chunk::fdb36125c7b2;malcolm_2023::chunk::0a92fbaae0fa;malcolm_2023::chunk::c4baa8d977e4;malcolm_2023::chunk::d5c39ea43721;rached_2026::chunk::ccb7ce6fdd3e;ruffell_2020::chunk::126e542071d8;ruffell_2020::chunk::6ced3402b1de;ruffell_2020::chunk::ce6e93e53569;ruffell_2020::chunk::ec9e83519a68;shen_2010::chunk::0a09aad5eb50;shen_2010::chunk::371aa9afe39f;shen_2010::chunk::3cb8a9ef072c;shen_2010::chunk::667307899345;shen_2010::chunk::be4592a8ea52;shen_2010::chunk::cc966fd2a3a8
five_meo_dmt|mdma,five_meo_dmt,mdma,1,4,5,2,halman_2024;schmid_2015_a,"Drug-drug interactions involving classic psychedelics: A systematic review | Interactions between bupropion and 3,4-methylenedioxymethamphetamine in healthy subjects",halman_2024::chunk::6d291e0046ea,schmid_2015_a::chunk::18b3b805afe9;schmid_2015_a::chunk::521b031e4bf9;schmid_2015_a::chunk::9851c738946f;schmid_2015_a::chunk::e53d49d98afa,halman_2024::chunk::6d291e0046ea;schmid_2015_a::chunk::18b3b805afe9;schmid_2015_a::chunk::521b031e4bf9;schmid_2015_a::chunk::9851c738946f;schmid_2015_a::chunk::e53d49d98afa
five_meo_dmt|mescaline_peyote,five_meo_dmt,mescaline_peyote,5,1,6,2,halman_2024;thomas_2024,Drug-drug interactions involving classic psychedelics: A systematic review | Toxicology and Pharmacological Interactions of Classic Psychedelics,halman_2024::chunk::567a1313706a;halman_2024::chunk::6d291e0046ea;halman_2024::chunk::79ddc2cb2eb8;halman_2024::chunk::dfd1bb7a18b8;halman_2024::chunk::e7863b8670d9,thomas_2024::chunk::d0df4f624773,halman_2024::chunk::567a1313706a;halman_2024::chunk::6d291e0046ea;halman_2024::chunk::79ddc2cb2eb8;halman_2024::chunk::dfd1bb7a18b8;halman_2024::chunk::e7863b8670d9;thomas_2024::chunk::d0df4f624773
five_meo_dmt|methylphenidate,five_meo_dmt,methylphenidate,0,0,0,0,,,,,
five_meo_dmt|nbome_series,five_meo_dmt,nbome_series,0,1,1,1,thomas_2024,Toxicology and Pharmacological Interactions of Classic Psychedelics,,thomas_2024::chunk::d0df4f624773,thomas_2024::chunk::d0df4f624773
five_meo_dmt|ndri_bupropion,five_meo_dmt,ndri_bupropion,0,4,4,1,schmid_2015_a,"Interactions between bupropion and 3,4-methylenedioxymethamphetamine in healthy subjects",,schmid_2015_a::chunk::237b11fcaa84;schmid_2015_a::chunk::45217f0ffa73;schmid_2015_a::chunk::7e2a245a8130;schmid_2015_a::chunk::9519a6b13019,schmid_2015_a::chunk::237b11fcaa84;schmid_2015_a::chunk::45217f0ffa73;schmid_2015_a::chunk::7e2a245a8130;schmid_2015_a::chunk::9519a6b13019
five_meo_dmt|nn_dmt,nn_dmt,five_meo_dmt,15,6,21,4,halman_2024;malcolm_2023;ruffell_2020;thomas_2024,"Ayahuasca and Drug Interaction: The Good, the Bad, and the Soul | Drug-drug interactions involving classic psychedelics: A systematic review | The pharmacological interaction of compounds in ayahuasca: a systematic review | Toxicology and Pharmacological Interactions of Classic Psychedelics",halman_2024::chunk::567a1313706a;halman_2024::chunk::6d291e0046ea;halman_2024::chunk::79ddc2cb2eb8;halman_2024::chunk::87c30d714f03;halman_2024::chunk::9a99a911f830;halman_2024::chunk::a0cb7d13b438;halman_2024::chunk::a83c7a4ae7b8;halman_2024::chunk::dfd1bb7a18b8;halman_2024::chunk::e7863b8670d9;ruffell_2020::chunk::0fc73990896b;ruffell_2020::chunk::126e542071d8;ruffell_2020::chunk::5bb8963b5b05;ruffell_2020::chunk::6ced3402b1de;ruffell_2020::chunk::ce6e93e53569;ruffell_2020::chunk::ec9e83519a68,malcolm_2023::chunk::c115fff54eba;ruffell_2020::chunk::2e4b273d12f3;ruffell_2020::chunk::3b2fd0f128a6;ruffell_2020::chunk::52ffeca03d9f;ruffell_2020::chunk::c72b2f73e595;thomas_2024::chunk::d0df4f624773,halman_2024::chunk::567a1313706a;halman_2024::chunk::6d291e0046ea;halman_2024::chunk::79ddc2cb2eb8;halman_2024::chunk::87c30d714f03;halman_2024::chunk::9a99a911f830;halman_2024::chunk::a0cb7d13b438;halman_2024::chunk::a83c7a4ae7b8;halman_2024::chunk::dfd1bb7a18b8;halman_2024::chunk::e7863b8670d9;malcolm_2023::chunk::c115fff54eba;ruffell_2020::chunk::0fc73990896b;ruffell_2020::chunk::126e542071d8;ruffell_2020::chunk::2e4b273d12f3;ruffell_2020::chunk::3b2fd0f128a6;ruffell_2020::chunk::52ffeca03d9f;ruffell_2020::chunk::5bb8963b5b05;ruffell_2020::chunk::6ced3402b1de;ruffell_2020::chunk::c72b2f73e595;ruffell_2020::chunk::ce6e93e53569;ruffell_2020::chunk::ec9e83519a68;thomas_2024::chunk::d0df4f624773
five_meo_dmt|psilocybin,psilocybin,five_meo_dmt,9,2,11,3,halman_2024;ruffell_2020;thomas_2024,Drug-drug interactions involving classic psychedelics: A systematic review | The pharmacological interaction of compounds in ayahuasca: a systematic review | Toxicology and Pharmacological Interactions of Classic Psychedelics,halman_2024::chunk::567a1313706a;halman_2024::chunk::6d291e0046ea;halman_2024::chunk::79ddc2cb2eb8;halman_2024::chunk::dfd1bb7a18b8;halman_2024::chunk::e7863b8670d9;ruffell_2020::chunk::0fc73990896b;ruffell_2020::chunk::5bb8963b5b05;ruffell_2020::chunk::ce6e93e53569;ruffell_2020::chunk::ec9e83519a68,halman_2024::chunk::3034cb6a7fd1;thomas_2024::chunk::d0df4f624773,halman_2024::chunk::3034cb6a7fd1;halman_2024::chunk::567a1313706a;halman_2024::chunk::6d291e0046ea;halman_2024::chunk::79ddc2cb2eb8;halman_2024::chunk::dfd1bb7a18b8;halman_2024::chunk::e7863b8670d9;ruffell_2020::chunk::0fc73990896b;ruffell_2020::chunk::5bb8963b5b05;ruffell_2020::chunk::ce6e93e53569;ruffell_2020::chunk::ec9e83519a68;thomas_2024::chunk::d0df4f624773
five_meo_dmt|salvia,five_meo_dmt,salvia,0,0,0,0,,,,,
five_meo_dmt|serotonergic_opioids,five_meo_dmt,serotonergic_opioids,0,0,0,0,,,,,
five_meo_dmt|snri,five_meo_dmt,snri,0,0,0,0,,,,,
five_meo_dmt|ssri,five_meo_dmt,ssri,0,0,0,0,,,,,
five_meo_dmt|tobacco_rape,five_meo_dmt,tobacco_rape,0,1,1,1,schmid_2015_a,"Interactions between bupropion and 3,4-methylenedioxymethamphetamine in healthy subjects",,schmid_2015_a::chunk::39c967e598af,schmid_2015_a::chunk::39c967e598af
five_meo_dmt|tricyclic_ad,five_meo_dmt,tricyclic_ad,0,0,0,0,,,,,
five_meo_dmt|two_c_x,five_meo_dmt,two_c_x,0,1,1,1,thomas_2024,Toxicology and Pharmacological Interactions of Classic Psychedelics,,thomas_2024::chunk::d0df4f624773,thomas_2024::chunk::d0df4f624773
five_meo_dmt|yopo,five_meo_dmt,yopo,0,0,0,0,,,,,
guanfacine|guanfacine,guanfacine,guanfacine,0,0,0,0,,,,,
guanfacine|iboga,guanfacine,iboga,0,0,0,0,,,,,
guanfacine|kambo,kambo,guanfacine,0,0,0,0,,,,,
guanfacine|ketamine,ketamine,guanfacine,0,0,0,0,,,,,
guanfacine|lamotrigine,lamotrigine,guanfacine,0,0,0,0,,,,,
guanfacine|lithium,lithium,guanfacine,0,1,1,1,gillman_2023,Monoamine oxidase inhibitors and clinically relevant drug interactions,,gillman_2023::chunk::12fd6d056da6,gillman_2023::chunk::12fd6d056da6
guanfacine|lsd,lsd,guanfacine,0,3,3,2,halman_2024;schmid_2015_a,"Drug-drug interactions involving classic psychedelics: A systematic review | Interactions between bupropion and 3,4-methylenedioxymethamphetamine in healthy subjects",,halman_2024::chunk::4400ec57461e;halman_2024::chunk::dfd1bb7a18b8;schmid_2015_a::chunk::ffa7efc60709,halman_2024::chunk::4400ec57461e;halman_2024::chunk::dfd1bb7a18b8;schmid_2015_a::chunk::ffa7efc60709
guanfacine|maoi_pharma,maoi_pharma,guanfacine,0,14,14,2,gillman_2023;malcolm_2023,"Ayahuasca and Drug Interaction: The Good, the Bad, and the Soul | Monoamine oxidase inhibitors and clinically relevant drug interactions",,gillman_2023::chunk::530406309c44;gillman_2023::chunk::6631e88f6197;gillman_2023::chunk::738ca8bf9095;gillman_2023::chunk::84c1833df1a8;gillman_2023::chunk::91378615dfb3;gillman_2023::chunk::91c975178a34;gillman_2023::chunk::9a2e9c712d52;gillman_2023::chunk::a135d87c557e;gillman_2023::chunk::b8d66db543c2;gillman_2023::chunk::df51155c5328;gillman_2023::chunk::fdb36125c7b2;malcolm_2023::chunk::0a92fbaae0fa;malcolm_2023::chunk::c4baa8d977e4;malcolm_2023::chunk::d5c39ea43721,gillman_2023::chunk::530406309c44;gillman_2023::chunk::6631e88f6197;gillman_2023::chunk::738ca8bf9095;gillman_2023::chunk::84c1833df1a8;gillman_2023::chunk::91378615dfb3;gillman_2023::chunk::91c975178a34;gillman_2023::chunk::9a2e9c712d52;gillman_2023::chunk::a135d87c557e;gillman_2023::chunk::b8d66db543c2;gillman_2023::chunk::df51155c5328;gillman_2023::chunk::fdb36125c7b2;malcolm_2023::chunk::0a92fbaae0fa;malcolm_2023::chunk::c4baa8d977e4;malcolm_2023::chunk::d5c39ea43721
guanfacine|mdma,mdma,guanfacine,0,0,0,0,,,,,
guanfacine|mescaline_peyote,mescaline_peyote,guanfacine,0,0,0,0,,,,,
guanfacine|methylphenidate,methylphenidate,guanfacine,0,0,0,0,,,,,
guanfacine|nbome_series,nbome_series,guanfacine,0,0,0,0,,,,,
guanfacine|ndri_bupropion,ndri_bupropion,guanfacine,0,4,4,1,schmid_2015_a,"Interactions between bupropion and 3,4-methylenedioxymethamphetamine in healthy subjects",,schmid_2015_a::chunk::237b11fcaa84;schmid_2015_a::chunk::45217f0ffa73;schmid_2015_a::chunk::7e2a245a8130;schmid_2015_a::chunk::9519a6b13019,schmid_2015_a::chunk::237b11fcaa84;schmid_2015_a::chunk::45217f0ffa73;schmid_2015_a::chunk::7e2a245a8130;schmid_2015_a::chunk::9519a6b13019
guanfacine|nn_dmt,nn_dmt,guanfacine,0,5,5,2,malcolm_2023;ruffell_2020,"Ayahuasca and Drug Interaction: The Good, the Bad, and the Soul | The pharmacological interaction of compounds in ayahuasca: a systematic review",,malcolm_2023::chunk::c115fff54eba;ruffell_2020::chunk::2e4b273d12f3;ruffell_2020::chunk::3b2fd0f128a6;ruffell_2020::chunk::52ffeca03d9f;ruffell_2020::chunk::c72b2f73e595,malcolm_2023::chunk::c115fff54eba;ruffell_2020::chunk::2e4b273d12f3;ruffell_2020::chunk::3b2fd0f128a6;ruffell_2020::chunk::52ffeca03d9f;ruffell_2020::chunk::c72b2f73e595
guanfacine|psilocybin,psilocybin,guanfacine,0,1,1,1,halman_2024,Drug-drug interactions involving classic psychedelics: A systematic review,,halman_2024::chunk::3034cb6a7fd1,halman_2024::chunk::3034cb6a7fd1
guanfacine|salvia,salvia,guanfacine,0,0,0,0,,,,,
guanfacine|serotonergic_opioids,serotonergic_opioids,guanfacine,0,0,0,0,,,,,
guanfacine|snri,snri,guanfacine,0,0,0,0,,,,,
guanfacine|ssri,ssri,guanfacine,0,0,0,0,,,,,
guanfacine|tobacco_rape,tobacco_rape,guanfacine,0,1,1,1,schmid_2015_a,"Interactions between bupropion and 3,4-methylenedioxymethamphetamine in healthy subjects",,schmid_2015_a::chunk::39c967e598af,schmid_2015_a::chunk::39c967e598af
guanfacine|tricyclic_ad,tricyclic_ad,guanfacine,0,0,0,0,,,,,
guanfacine|two_c_x,two_c_x,guanfacine,0,0,0,0,,,,,
guanfacine|yopo,yopo,guanfacine,0,0,0,0,,,,,
iboga|iboga,iboga,iboga,0,0,0,0,,,,,
iboga|kambo,iboga,kambo,0,0,0,0,,,,,
iboga|ketamine,iboga,ketamine,0,0,0,0,,,,,
iboga|lamotrigine,iboga,lamotrigine,0,0,0,0,,,,,
iboga|lithium,iboga,lithium,0,0,0,0,,,,,
iboga|lsd,iboga,lsd,0,0,0,0,,,,,
iboga|maoi_pharma,iboga,maoi_pharma,0,0,0,0,,,,,
iboga|mdma,iboga,mdma,0,0,0,0,,,,,
iboga|mescaline_peyote,iboga,mescaline_peyote,0,0,0,0,,,,,
iboga|methylphenidate,iboga,methylphenidate,0,0,0,0,,,,,
iboga|nbome_series,iboga,nbome_series,0,0,0,0,,,,,
iboga|ndri_bupropion,iboga,ndri_bupropion,0,0,0,0,,,,,
iboga|nn_dmt,iboga,nn_dmt,0,0,0,0,,,,,
iboga|psilocybin,iboga,psilocybin,0,0,0,0,,,,,
iboga|salvia,iboga,salvia,0,0,0,0,,,,,
iboga|serotonergic_opioids,iboga,serotonergic_opioids,21,0,21,3,knuijver_2020;knuijver_2024;luz_2021,Reply to Knuijver et al. on the Safety of ibogaine administration in detoxification of opioid-dependent individuals | Safety of ibogaine administration in detoxification of opioid-dependent individuals: a descriptive open-label observational study | The pharmacokinetics and pharmacodynamics of ibogaine in opioid use disorder patients,knuijver_2020::chunk::043cbc4f6288;knuijver_2020::chunk::1646e6c18e24;knuijver_2020::chunk::39acf300ece4;knuijver_2020::chunk::49a4dcfaff1b;knuijver_2020::chunk::4e75fd2dabae;knuijver_2020::chunk::7357484c60c4;knuijver_2020::chunk::a3ae4fe8d5fc;knuijver_2020::chunk::b3b484dccab1;knuijver_2020::chunk::c49912c72045;knuijver_2020::chunk::df44488e280a;knuijver_2024::chunk::049082640f5b;knuijver_2024::chunk::1e4e1a7adbfb;knuijver_2024::chunk::1fce16638a51;knuijver_2024::chunk::5e66aea02609;knuijver_2024::chunk::8067f926f73a;knuijver_2024::chunk::990b9b152c7c;knuijver_2024::chunk::a65a5a7f8783;luz_2021::chunk::289d5cd01f1b;luz_2021::chunk::3243e5916007;luz_2021::chunk::46c0676ff9ea;luz_2021::chunk::a4c85fa6851e,,knuijver_2020::chunk::043cbc4f6288;knuijver_2020::chunk::1646e6c18e24;knuijver_2020::chunk::39acf300ece4;knuijver_2020::chunk::49a4dcfaff1b;knuijver_2020::chunk::4e75fd2dabae;knuijver_2020::chunk::7357484c60c4;knuijver_2020::chunk::a3ae4fe8d5fc;knuijver_2020::chunk::b3b484dccab1;knuijver_2020::chunk::c49912c72045;knuijver_2020::chunk::df44488e280a;knuijver_2024::chunk::049082640f5b;knuijver_2024::chunk::1e4e1a7adbfb;knuijver_2024::chunk::1fce16638a51;knuijver_2024::chunk::5e66aea02609;knuijver_2024::chunk::8067f926f73a;knuijver_2024::chunk::990b9b152c7c;knuijver_2024::chunk::a65a5a7f8783;luz_2021::chunk::289d5cd01f1b;luz_2021::chunk::3243e5916007;luz_2021::chunk::46c0676ff9ea;luz_2021::chunk::a4c85fa6851e
iboga|snri,iboga,snri,0,0,0,0,,,,,
iboga|ssri,iboga,ssri,0,0,0,0,,,,,
iboga|tobacco_rape,iboga,tobacco_rape,1,0,1,1,knuijver_2024,The pharmacokinetics and pharmacodynamics of ibogaine in opioid use disorder patients,knuijver_2024::chunk::5e66aea02609,,knuijver_2024::chunk::5e66aea02609
iboga|tricyclic_ad,iboga,tricyclic_ad,0,0,0,0,,,,,
iboga|two_c_x,iboga,two_c_x,0,0,0,0,,,,,
iboga|yopo,iboga,yopo,0,0,0,0,,,,,
kambo|kambo,kambo,kambo,0,0,0,0,,,,,
kambo|ketamine,kambo,ketamine,0,0,0,0,,,,,
kambo|lamotrigine,kambo,lamotrigine,0,0,0,0,,,,,
kambo|lithium,kambo,lithium,0,1,1,1,gillman_2023,Monoamine oxidase inhibitors and clinically relevant drug interactions,,gillman_2023::chunk::12fd6d056da6,gillman_2023::chunk::12fd6d056da6
kambo|lsd,lsd,kambo,0,3,3,2,halman_2024;schmid_2015_a,"Drug-drug interactions involving classic psychedelics: A systematic review | Interactions between bupropion and 3,4-methylenedioxymethamphetamine in healthy subjects",,halman_2024::chunk::4400ec57461e;halman_2024::chunk::dfd1bb7a18b8;schmid_2015_a::chunk::ffa7efc60709,halman_2024::chunk::4400ec57461e;halman_2024::chunk::dfd1bb7a18b8;schmid_2015_a::chunk::ffa7efc60709
kambo|maoi_pharma,kambo,maoi_pharma,0,14,14,2,gillman_2023;malcolm_2023,"Ayahuasca and Drug Interaction: The Good, the Bad, and the Soul | Monoamine oxidase inhibitors and clinically relevant drug interactions",,gillman_2023::chunk::530406309c44;gillman_2023::chunk::6631e88f6197;gillman_2023::chunk::738ca8bf9095;gillman_2023::chunk::84c1833df1a8;gillman_2023::chunk::91378615dfb3;gillman_2023::chunk::91c975178a34;gillman_2023::chunk::9a2e9c712d52;gillman_2023::chunk::a135d87c557e;gillman_2023::chunk::b8d66db543c2;gillman_2023::chunk::df51155c5328;gillman_2023::chunk::fdb36125c7b2;malcolm_2023::chunk::0a92fbaae0fa;malcolm_2023::chunk::c4baa8d977e4;malcolm_2023::chunk::d5c39ea43721,gillman_2023::chunk::530406309c44;gillman_2023::chunk::6631e88f6197;gillman_2023::chunk::738ca8bf9095;gillman_2023::chunk::84c1833df1a8;gillman_2023::chunk::91378615dfb3;gillman_2023::chunk::91c975178a34;gillman_2023::chunk::9a2e9c712d52;gillman_2023::chunk::a135d87c557e;gillman_2023::chunk::b8d66db543c2;gillman_2023::chunk::df51155c5328;gillman_2023::chunk::fdb36125c7b2;malcolm_2023::chunk::0a92fbaae0fa;malcolm_2023::chunk::c4baa8d977e4;malcolm_2023::chunk::d5c39ea43721
kambo|mdma,kambo,mdma,0,4,4,1,schmid_2015_a,"Interactions between bupropion and 3,4-methylenedioxymethamphetamine in healthy subjects",,schmid_2015_a::chunk::18b3b805afe9;schmid_2015_a::chunk::521b031e4bf9;schmid_2015_a::chunk::9851c738946f;schmid_2015_a::chunk::e53d49d98afa,schmid_2015_a::chunk::18b3b805afe9;schmid_2015_a::chunk::521b031e4bf9;schmid_2015_a::chunk::9851c738946f;schmid_2015_a::chunk::e53d49d98afa
kambo|mescaline_peyote,mescaline_peyote,kambo,0,0,0,0,,,,,
kambo|methylphenidate,kambo,methylphenidate,0,0,0,0,,,,,
kambo|nbome_series,kambo,nbome_series,0,0,0,0,,,,,
kambo|ndri_bupropion,kambo,ndri_bupropion,0,4,4,1,schmid_2015_a,"Interactions between bupropion and 3,4-methylenedioxymethamphetamine in healthy subjects",,schmid_2015_a::chunk::237b11fcaa84;schmid_2015_a::chunk::45217f0ffa73;schmid_2015_a::chunk::7e2a245a8130;schmid_2015_a::chunk::9519a6b13019,schmid_2015_a::chunk::237b11fcaa84;schmid_2015_a::chunk::45217f0ffa73;schmid_2015_a::chunk::7e2a245a8130;schmid_2015_a::chunk::9519a6b13019
kambo|nn_dmt,nn_dmt,kambo,0,5,5,2,malcolm_2023;ruffell_2020,"Ayahuasca and Drug Interaction: The Good, the Bad, and the Soul | The pharmacological interaction of compounds in ayahuasca: a systematic review",,malcolm_2023::chunk::c115fff54eba;ruffell_2020::chunk::2e4b273d12f3;ruffell_2020::chunk::3b2fd0f128a6;ruffell_2020::chunk::52ffeca03d9f;ruffell_2020::chunk::c72b2f73e595,malcolm_2023::chunk::c115fff54eba;ruffell_2020::chunk::2e4b273d12f3;ruffell_2020::chunk::3b2fd0f128a6;ruffell_2020::chunk::52ffeca03d9f;ruffell_2020::chunk::c72b2f73e595
kambo|psilocybin,psilocybin,kambo,0,1,1,1,halman_2024,Drug-drug interactions involving classic psychedelics: A systematic review,,halman_2024::chunk::3034cb6a7fd1,halman_2024::chunk::3034cb6a7fd1
kambo|salvia,salvia,kambo,0,0,0,0,,,,,
kambo|serotonergic_opioids,kambo,serotonergic_opioids,0,0,0,0,,,,,
kambo|snri,kambo,snri,0,0,0,0,,,,,
kambo|ssri,kambo,ssri,0,0,0,0,,,,,
kambo|tobacco_rape,kambo,tobacco_rape,0,1,1,1,schmid_2015_a,"Interactions between bupropion and 3,4-methylenedioxymethamphetamine in healthy subjects",,schmid_2015_a::chunk::39c967e598af,schmid_2015_a::chunk::39c967e598af
kambo|tricyclic_ad,kambo,tricyclic_ad,0,0,0,0,,,,,
kambo|two_c_x,kambo,two_c_x,0,0,0,0,,,,,
kambo|yopo,yopo,kambo,0,0,0,0,,,,,
ketamine|ketamine,ketamine,ketamine,0,0,0,0,,,,,
ketamine|lamotrigine,lamotrigine,ketamine,2,0,2,1,veraart_2021,Pharmacodynamic Interactions Between Ketamine and Psychiatric Medications Used in the Treatment of Depression: A Systematic Review,veraart_2021::chunk::9db3bca789f0;veraart_2021::chunk::ce4a4d991954,,veraart_2021::chunk::9db3bca789f0;veraart_2021::chunk::ce4a4d991954
ketamine|lithium,lithium,ketamine,2,0,2,1,veraart_2021,Pharmacodynamic Interactions Between Ketamine and Psychiatric Medications Used in the Treatment of Depression: A Systematic Review,veraart_2021::chunk::24ed35b48007;veraart_2021::chunk::ce4a4d991954,,veraart_2021::chunk::24ed35b48007;veraart_2021::chunk::ce4a4d991954
ketamine|lsd,ketamine,lsd,0,0,0,0,,,,,
ketamine|maoi_pharma,maoi_pharma,ketamine,4,0,4,2,lindsey_2012;veraart_2021,Drug Interactions between Common Illicit Drugs and Prescription Therapies | Pharmacodynamic Interactions Between Ketamine and Psychiatric Medications Used in the Treatment of Depression: A Systematic Review,lindsey_2012::chunk::5157e31148e1;veraart_2021::chunk::99fa65ad01d5;veraart_2021::chunk::9db3bca789f0;veraart_2021::chunk::ce4a4d991954,,lindsey_2012::chunk::5157e31148e1;veraart_2021::chunk::99fa65ad01d5;veraart_2021::chunk::9db3bca789f0;veraart_2021::chunk::ce4a4d991954
ketamine|mdma,mdma,ketamine,2,4,6,3,feulner_2023;lindsey_2012;schmid_2015_a,"Drug Interactions between Common Illicit Drugs and Prescription Therapies | Efficacy and Safety of Psychedelics in Treating Anxiety Disorders | Interactions between bupropion and 3,4-methylenedioxymethamphetamine in healthy subjects",feulner_2023::chunk::f6e63c56cfa8;lindsey_2012::chunk::5157e31148e1,schmid_2015_a::chunk::18b3b805afe9;schmid_2015_a::chunk::521b031e4bf9;schmid_2015_a::chunk::9851c738946f;schmid_2015_a::chunk::e53d49d98afa,feulner_2023::chunk::f6e63c56cfa8;lindsey_2012::chunk::5157e31148e1;schmid_2015_a::chunk::18b3b805afe9;schmid_2015_a::chunk::521b031e4bf9;schmid_2015_a::chunk::9851c738946f;schmid_2015_a::chunk::e53d49d98afa
ketamine|mescaline_peyote,mescaline_peyote,ketamine,0,0,0,0,,,,,
ketamine|methylphenidate,methylphenidate,ketamine,0,0,0,0,,,,,
ketamine|nbome_series,nbome_series,ketamine,0,0,0,0,,,,,
ketamine|ndri_bupropion,ndri_bupropion,ketamine,1,0,1,1,veraart_2021,Pharmacodynamic Interactions Between Ketamine and Psychiatric Medications Used in the Treatment of Depression: A Systematic Review,veraart_2021::chunk::24ed35b48007,,veraart_2021::chunk::24ed35b48007
ketamine|nn_dmt,nn_dmt,ketamine,0,0,0,0,,,,,
ketamine|psilocybin,ketamine,psilocybin,43,0,43,4,askariyana_2025;higgins_2021;kadriu_2021;wojtas_2022,"An overview of psilocybin, LSD, MDMA, and ketamine in revitalizing psychedelic-assisted therapy: Insights, limitations and future directions | Effect of psilocybin and ketamine on brain neurotransmitters, glutamate receptors, DNA and rat behaviour | Ketamine and serotonergic psychedelics: common mechanisms underlying the effects of rapid-acting antidepressants | Low doses of psilocybin and ketamine enhance motivation and attention in poor performing rats: evidence for an antidepressant property",askariyana_2025::chunk::074cccd01ff5;askariyana_2025::chunk::290f78b042c5;askariyana_2025::chunk::3de0375c7c36;askariyana_2025::chunk::44c2d54a237c;askariyana_2025::chunk::5d50ce9816e6;askariyana_2025::chunk::6f99ae0832c4;askariyana_2025::chunk::750e60f68db4;askariyana_2025::chunk::b87b4ee43f8c;askariyana_2025::chunk::cab8f41ad0db;askariyana_2025::chunk::e28033cc6937;askariyana_2025::chunk::fdbc161c9d45;higgins_2021::chunk::1dcbda0d3a84;higgins_2021::chunk::33461080b815;higgins_2021::chunk::5691c9ee3878;higgins_2021::chunk::9a9751b6f0fc;higgins_2021::chunk::9dca6220bd86;higgins_2021::chunk::afc8211fa79d;higgins_2021::chunk::c04f180fca86;higgins_2021::chunk::c376f50f27da;higgins_2021::chunk::d5977012489e;higgins_2021::chunk::e7be4cd42a4e;higgins_2021::chunk::ee289eb4214c;higgins_2021::chunk::f38effd1a93d;higgins_2021::chunk::f70ed09a4067;higgins_2021::chunk::f760d5b361d1;kadriu_2021::chunk::505aa6f12071;wojtas_2022::chunk::053c498ccab4;wojtas_2022::chunk::0ef326d033c7;wojtas_2022::chunk::140f1f2f6418;wojtas_2022::chunk::1d805f6fecfd;wojtas_2022::chunk::2f574cbd5363;wojtas_2022::chunk::3666652f42da;wojtas_2022::chunk::374c8a2f8c67;wojtas_2022::chunk::527e5f130625;wojtas_2022::chunk::6e9470c2be01;wojtas_2022::chunk::6f5d7ca53a4f;wojtas_2022::chunk::82393c5706f8;wojtas_2022::chunk::a85edb9615e5;wojtas_2022::chunk::a864cd198333;wojtas_2022::chunk::af3532947dea;wojtas_2022::chunk::b62ecc48b27c;wojtas_2022::chunk::cda9bd94a83a;wojtas_2022::chunk::d1a3c7f6ad09,,askariyana_2025::chunk::074cccd01ff5;askariyana_2025::chunk::290f78b042c5;askariyana_2025::chunk::3de0375c7c36;askariyana_2025::chunk::44c2d54a237c;askariyana_2025::chunk::5d50ce9816e6;askariyana_2025::chunk::6f99ae0832c4;askariyana_2025::chunk::750e60f68db4;askariyana_2025::chunk::b87b4ee43f8c;askariyana_2025::chunk::cab8f41ad0db;askariyana_2025::chunk::e28033cc6937;askariyana_2025::chunk::fdbc161c9d45;higgins_2021::chunk::1dcbda0d3a84;higgins_2021::chunk::33461080b815;higgins_2021::chunk::5691c9ee3878;higgins_2021::chunk::9a9751b6f0fc;higgins_2021::chunk::9dca6220bd86;higgins_2021::chunk::afc8211fa79d;higgins_2021::chunk::c04f180fca86;higgins_2021::chunk::c376f50f27da;higgins_2021::chunk::d5977012489e;higgins_2021::chunk::e7be4cd42a4e;higgins_2021::chunk::ee289eb4214c;higgins_2021::chunk::f38effd1a93d;higgins_2021::chunk::f70ed09a4067;higgins_2021::chunk::f760d5b361d1;kadriu_2021::chunk::505aa6f12071;wojtas_2022::chunk::053c498ccab4;wojtas_2022::chunk::0ef326d033c7;wojtas_2022::chunk::140f1f2f6418;wojtas_2022::chunk::1d805f6fecfd;wojtas_2022::chunk::2f574cbd5363;wojtas_2022::chunk::3666652f42da;wojtas_2022::chunk::374c8a2f8c67;wojtas_2022::chunk::527e5f130625;wojtas_2022::chunk::6e9470c2be01;wojtas_2022::chunk::6f5d7ca53a4f;wojtas_2022::chunk::82393c5706f8;wojtas_2022::chunk::a85edb9615e5;wojtas_2022::chunk::a864cd198333;wojtas_2022::chunk::af3532947dea;wojtas_2022::chunk::b62ecc48b27c;wojtas_2022::chunk::cda9bd94a83a;wojtas_2022::chunk::d1a3c7f6ad09
ketamine|salvia,salvia,ketamine,1,0,1,1,feulner_2023,Efficacy and Safety of Psychedelics in Treating Anxiety Disorders,feulner_2023::chunk::f6e63c56cfa8,,feulner_2023::chunk::f6e63c56cfa8
ketamine|serotonergic_opioids,serotonergic_opioids,ketamine,1,0,1,1,lindsey_2012,Drug Interactions between Common Illicit Drugs and Prescription Therapies,lindsey_2012::chunk::5157e31148e1,,lindsey_2012::chunk::5157e31148e1
ketamine|snri,snri,ketamine,1,0,1,1,veraart_2021,Pharmacodynamic Interactions Between Ketamine and Psychiatric Medications Used in the Treatment of Depression: A Systematic Review,veraart_2021::chunk::24ed35b48007,,veraart_2021::chunk::24ed35b48007
ketamine|ssri,ssri,ketamine,1,0,1,1,veraart_2021,Pharmacodynamic Interactions Between Ketamine and Psychiatric Medications Used in the Treatment of Depression: A Systematic Review,veraart_2021::chunk::24ed35b48007,,veraart_2021::chunk::24ed35b48007
ketamine|tobacco_rape,tobacco_rape,ketamine,0,0,0,0,,,,,
ketamine|tricyclic_ad,tricyclic_ad,ketamine,1,0,1,1,veraart_2021,Pharmacodynamic Interactions Between Ketamine and Psychiatric Medications Used in the Treatment of Depression: A Systematic Review,veraart_2021::chunk::24ed35b48007,,veraart_2021::chunk::24ed35b48007
ketamine|two_c_x,two_c_x,ketamine,0,0,0,0,,,,,
ketamine|yopo,yopo,ketamine,0,0,0,0,,,,,
lamotrigine|lamotrigine,lamotrigine,lamotrigine,0,0,0,0,,,,,
lamotrigine|lithium,lithium,lamotrigine,1,0,1,1,veraart_2021,Pharmacodynamic Interactions Between Ketamine and Psychiatric Medications Used in the Treatment of Depression: A Systematic Review,veraart_2021::chunk::ce4a4d991954,,veraart_2021::chunk::ce4a4d991954
lamotrigine|lsd,lsd,lamotrigine,0,0,0,0,,,,,
lamotrigine|maoi_pharma,maoi_pharma,lamotrigine,2,0,2,1,veraart_2021,Pharmacodynamic Interactions Between Ketamine and Psychiatric Medications Used in the Treatment of Depression: A Systematic Review,veraart_2021::chunk::9db3bca789f0;veraart_2021::chunk::ce4a4d991954,,veraart_2021::chunk::9db3bca789f0;veraart_2021::chunk::ce4a4d991954
lamotrigine|mdma,mdma,lamotrigine,0,4,4,1,schmid_2015_a,"Interactions between bupropion and 3,4-methylenedioxymethamphetamine in healthy subjects",,schmid_2015_a::chunk::18b3b805afe9;schmid_2015_a::chunk::521b031e4bf9;schmid_2015_a::chunk::9851c738946f;schmid_2015_a::chunk::e53d49d98afa,schmid_2015_a::chunk::18b3b805afe9;schmid_2015_a::chunk::521b031e4bf9;schmid_2015_a::chunk::9851c738946f;schmid_2015_a::chunk::e53d49d98afa
lamotrigine|mescaline_peyote,mescaline_peyote,lamotrigine,0,0,0,0,,,,,
lamotrigine|methylphenidate,methylphenidate,lamotrigine,0,0,0,0,,,,,
lamotrigine|nbome_series,nbome_series,lamotrigine,0,0,0,0,,,,,
lamotrigine|ndri_bupropion,ndri_bupropion,lamotrigine,0,0,0,0,,,,,
lamotrigine|nn_dmt,nn_dmt,lamotrigine,0,0,0,0,,,,,
lamotrigine|psilocybin,psilocybin,lamotrigine,0,0,0,0,,,,,
lamotrigine|salvia,salvia,lamotrigine,0,0,0,0,,,,,
lamotrigine|serotonergic_opioids,serotonergic_opioids,lamotrigine,0,0,0,0,,,,,
lamotrigine|snri,snri,lamotrigine,0,0,0,0,,,,,
lamotrigine|ssri,ssri,lamotrigine,0,0,0,0,,,,,
lamotrigine|tobacco_rape,tobacco_rape,lamotrigine,0,0,0,0,,,,,
lamotrigine|tricyclic_ad,tricyclic_ad,lamotrigine,0,0,0,0,,,,,
lamotrigine|two_c_x,two_c_x,lamotrigine,0,0,0,0,,,,,
lamotrigine|yopo,yopo,lamotrigine,0,0,0,0,,,,,
lithium|lithium,lithium,lithium,0,0,0,0,,,,,
lithium|lsd,lsd,lithium,4,0,4,2,baldo_2018;nayak_2021,Classic Psychedelic Coadministration with Lithium | Opioid analgesic drugs and serotonin toxicity syndrome_mechanisms animal models and links to clinical effects,baldo_2018::chunk::1e917052d16f;nayak_2021::chunk::17118c3ecd93;nayak_2021::chunk::31329b92413b;nayak_2021::chunk::648c470aac3e,,baldo_2018::chunk::1e917052d16f;nayak_2021::chunk::17118c3ecd93;nayak_2021::chunk::31329b92413b;nayak_2021::chunk::648c470aac3e
lithium|maoi_pharma,maoi_pharma,lithium,2,0,2,2,gillman_2023;veraart_2021,Monoamine oxidase inhibitors and clinically relevant drug interactions | Pharmacodynamic Interactions Between Ketamine and Psychiatric Medications Used in the Treatment of Depression: A Systematic Review,gillman_2023::chunk::b6fa99801fd7;veraart_2021::chunk::ce4a4d991954,,gillman_2023::chunk::b6fa99801fd7;veraart_2021::chunk::ce4a4d991954
lithium|mdma,mdma,lithium,2,4,6,2,cohen_2021;schmid_2015_a,"Concomitant drugs associated with increased mortality for MDMA users reported in a drug safety surveillance database | Interactions between bupropion and 3,4-methylenedioxymethamphetamine in healthy subjects",cohen_2021::chunk::8bc3c28b8949;cohen_2021::chunk::c4edfa2bab9c,schmid_2015_a::chunk::18b3b805afe9;schmid_2015_a::chunk::521b031e4bf9;schmid_2015_a::chunk::9851c738946f;schmid_2015_a::chunk::e53d49d98afa,cohen_2021::chunk::8bc3c28b8949;cohen_2021::chunk::c4edfa2bab9c;schmid_2015_a::chunk::18b3b805afe9;schmid_2015_a::chunk::521b031e4bf9;schmid_2015_a::chunk::9851c738946f;schmid_2015_a::chunk::e53d49d98afa
lithium|mescaline_peyote,mescaline_peyote,lithium,0,0,0,0,,,,,
lithium|methylphenidate,methylphenidate,lithium,0,0,0,0,,,,,
lithium|nbome_series,nbome_series,lithium,0,0,0,0,,,,,
lithium|ndri_bupropion,ndri_bupropion,lithium,0,0,0,0,,,,,
lithium|nn_dmt,nn_dmt,lithium,1,0,1,1,nayak_2021,Classic Psychedelic Coadministration with Lithium,nayak_2021::chunk::17118c3ecd93,,nayak_2021::chunk::17118c3ecd93
lithium|psilocybin,psilocybin,lithium,4,0,4,2,barnett_2025;nayak_2021,"Classic Psychedelic Coadministration with Lithium | Hypertensive Emergency Secondary to Combining Psilocybin Mushrooms, Extended Release Dextroamphetamine-Amphetamine, and Tranylcypromine",barnett_2025::chunk::1b1465226d19;nayak_2021::chunk::17118c3ecd93;nayak_2021::chunk::31329b92413b;nayak_2021::chunk::648c470aac3e,,barnett_2025::chunk::1b1465226d19;nayak_2021::chunk::17118c3ecd93;nayak_2021::chunk::31329b92413b;nayak_2021::chunk::648c470aac3e
lithium|salvia,salvia,lithium,0,0,0,0,,,,,
lithium|serotonergic_opioids,serotonergic_opioids,lithium,1,0,1,1,baldo_2018,Opioid analgesic drugs and serotonin toxicity syndrome_mechanisms animal models and links to clinical effects,baldo_2018::chunk::1e917052d16f,,baldo_2018::chunk::1e917052d16f
lithium|snri,snri,lithium,1,0,1,1,gillman_2023,Monoamine oxidase inhibitors and clinically relevant drug interactions,gillman_2023::chunk::b6fa99801fd7,,gillman_2023::chunk::b6fa99801fd7
lithium|ssri,ssri,lithium,2,0,2,2,baldo_2018;gillman_2023,Monoamine oxidase inhibitors and clinically relevant drug interactions | Opioid analgesic drugs and serotonin toxicity syndrome_mechanisms animal models and links to clinical effects,baldo_2018::chunk::1e917052d16f;gillman_2023::chunk::b6fa99801fd7,,baldo_2018::chunk::1e917052d16f;gillman_2023::chunk::b6fa99801fd7
lithium|tobacco_rape,tobacco_rape,lithium,0,0,0,0,,,,,
lithium|tricyclic_ad,tricyclic_ad,lithium,0,0,0,0,,,,,
lithium|two_c_x,two_c_x,lithium,0,0,0,0,,,,,
lithium|yopo,yopo,lithium,0,0,0,0,,,,,
lsd|lsd,lsd,lsd,0,0,0,0,,,,,
lsd|maoi_pharma,lsd,maoi_pharma,3,0,3,3,barnett_2025;gukasyan_2023;thomas_2024,"Attenuation of psilocybin mushroom effects during and after SSRI/SNRI antidepressant use | Hypertensive Emergency Secondary to Combining Psilocybin Mushrooms, Extended Release Dextroamphetamine-Amphetamine, and Tranylcypromine | Toxicology and Pharmacological Interactions of Classic Psychedelics",barnett_2025::chunk::757c0ee1256e;gukasyan_2023::chunk::7f6bb3572cf9;thomas_2024::chunk::70c648b79adc,,barnett_2025::chunk::757c0ee1256e;gukasyan_2023::chunk::7f6bb3572cf9;thomas_2024::chunk::70c648b79adc
lsd|mdma,lsd,mdma,1,4,5,2,halman_2024;schmid_2015_a,"Drug-drug interactions involving classic psychedelics: A systematic review | Interactions between bupropion and 3,4-methylenedioxymethamphetamine in healthy subjects",halman_2024::chunk::6d291e0046ea,schmid_2015_a::chunk::18b3b805afe9;schmid_2015_a::chunk::521b031e4bf9;schmid_2015_a::chunk::9851c738946f;schmid_2015_a::chunk::e53d49d98afa,halman_2024::chunk::6d291e0046ea;schmid_2015_a::chunk::18b3b805afe9;schmid_2015_a::chunk::521b031e4bf9;schmid_2015_a::chunk::9851c738946f;schmid_2015_a::chunk::e53d49d98afa
lsd|mescaline_peyote,mescaline_peyote,lsd,9,1,10,3,halman_2024;thomas_2024;wojtas_2022,"Drug-drug interactions involving classic psychedelics: A systematic review | Effect of psilocybin and ketamine on brain neurotransmitters, glutamate receptors, DNA and rat behaviour | Toxicology and Pharmacological Interactions of Classic Psychedelics",halman_2024::chunk::567a1313706a;halman_2024::chunk::6d291e0046ea;halman_2024::chunk::79ddc2cb2eb8;halman_2024::chunk::93a8537b1ff6;halman_2024::chunk::a5d65fadbebc;halman_2024::chunk::dfd1bb7a18b8;halman_2024::chunk::e7863b8670d9;halman_2024::chunk::f41a3fdca9f7;wojtas_2022::chunk::96dbc7d3cf09,thomas_2024::chunk::d0df4f624773,halman_2024::chunk::567a1313706a;halman_2024::chunk::6d291e0046ea;halman_2024::chunk::79ddc2cb2eb8;halman_2024::chunk::93a8537b1ff6;halman_2024::chunk::a5d65fadbebc;halman_2024::chunk::dfd1bb7a18b8;halman_2024::chunk::e7863b8670d9;halman_2024::chunk::f41a3fdca9f7;thomas_2024::chunk::d0df4f624773;wojtas_2022::chunk::96dbc7d3cf09
lsd|methylphenidate,lsd,methylphenidate,0,0,0,0,,,,,
lsd|nbome_series,lsd,nbome_series,0,1,1,1,thomas_2024,Toxicology and Pharmacological Interactions of Classic Psychedelics,,thomas_2024::chunk::d0df4f624773,thomas_2024::chunk::d0df4f624773
lsd|ndri_bupropion,lsd,ndri_bupropion,0,0,0,0,,,,,
lsd|nn_dmt,nn_dmt,lsd,9,1,10,4,barnett_2025;halman_2024;thomas_2024;wojtas_2022,"Drug-drug interactions involving classic psychedelics: A systematic review | Effect of psilocybin and ketamine on brain neurotransmitters, glutamate receptors, DNA and rat behaviour | Hypertensive Emergency Secondary to Combining Psilocybin Mushrooms, Extended Release Dextroamphetamine-Amphetamine, and Tranylcypromine | Toxicology and Pharmacological Interactions of Classic Psychedelics",barnett_2025::chunk::757c0ee1256e;halman_2024::chunk::567a1313706a;halman_2024::chunk::6d291e0046ea;halman_2024::chunk::79ddc2cb2eb8;halman_2024::chunk::93a8537b1ff6;halman_2024::chunk::a5d65fadbebc;halman_2024::chunk::dfd1bb7a18b8;halman_2024::chunk::e7863b8670d9;wojtas_2022::chunk::96dbc7d3cf09,thomas_2024::chunk::d0df4f624773,barnett_2025::chunk::757c0ee1256e;halman_2024::chunk::567a1313706a;halman_2024::chunk::6d291e0046ea;halman_2024::chunk::79ddc2cb2eb8;halman_2024::chunk::93a8537b1ff6;halman_2024::chunk::a5d65fadbebc;halman_2024::chunk::dfd1bb7a18b8;halman_2024::chunk::e7863b8670d9;thomas_2024::chunk::d0df4f624773;wojtas_2022::chunk::96dbc7d3cf09
lsd|psilocybin,psilocybin,lsd,14,1,15,5,barnett_2025;halman_2024;thomas_2024;waters_2021;wojtas_2022,"Drug-drug interactions involving classic psychedelics: A systematic review | Effect of psilocybin and ketamine on brain neurotransmitters, glutamate receptors, DNA and rat behaviour | Hypertensive Emergency Secondary to Combining Psilocybin Mushrooms, Extended Release Dextroamphetamine-Amphetamine, and Tranylcypromine | Pharmacologic Similarities and Differences Among Hallucinogens | Toxicology and Pharmacological Interactions of Classic Psychedelics",barnett_2025::chunk::757c0ee1256e;halman_2024::chunk::3034cb6a7fd1;halman_2024::chunk::567a1313706a;halman_2024::chunk::6d291e0046ea;halman_2024::chunk::79ddc2cb2eb8;halman_2024::chunk::93a8537b1ff6;halman_2024::chunk::a5d65fadbebc;halman_2024::chunk::b9871b57e539;halman_2024::chunk::dfd1bb7a18b8;halman_2024::chunk::e7863b8670d9;halman_2024::chunk::f41a3fdca9f7;thomas_2024::chunk::615c52d86c18;waters_2021::chunk::c3dc46fd02aa;wojtas_2022::chunk::96dbc7d3cf09,thomas_2024::chunk::d0df4f624773,barnett_2025::chunk::757c0ee1256e;halman_2024::chunk::3034cb6a7fd1;halman_2024::chunk::567a1313706a;halman_2024::chunk::6d291e0046ea;halman_2024::chunk::79ddc2cb2eb8;halman_2024::chunk::93a8537b1ff6;halman_2024::chunk::a5d65fadbebc;halman_2024::chunk::b9871b57e539;halman_2024::chunk::dfd1bb7a18b8;halman_2024::chunk::e7863b8670d9;halman_2024::chunk::f41a3fdca9f7;thomas_2024::chunk::615c52d86c18;thomas_2024::chunk::d0df4f624773;waters_2021::chunk::c3dc46fd02aa;wojtas_2022::chunk::96dbc7d3cf09
lsd|salvia,lsd,salvia,0,0,0,0,,,,,
lsd|serotonergic_opioids,lsd,serotonergic_opioids,1,0,1,1,baldo_2018,Opioid analgesic drugs and serotonin toxicity syndrome_mechanisms animal models and links to clinical effects,baldo_2018::chunk::1e917052d16f,,baldo_2018::chunk::1e917052d16f
lsd|snri,lsd,snri,0,0,0,0,,,,,
lsd|ssri,lsd,ssri,1,0,1,1,baldo_2018,Opioid analgesic drugs and serotonin toxicity syndrome_mechanisms animal models and links to clinical effects,baldo_2018::chunk::1e917052d16f,,baldo_2018::chunk::1e917052d16f
lsd|tobacco_rape,lsd,tobacco_rape,0,0,0,0,,,,,
lsd|tricyclic_ad,lsd,tricyclic_ad,1,0,1,1,thomas_2024,Toxicology and Pharmacological Interactions of Classic Psychedelics,thomas_2024::chunk::70c648b79adc,,thomas_2024::chunk::70c648b79adc
lsd|two_c_x,lsd,two_c_x,0,1,1,1,thomas_2024,Toxicology and Pharmacological Interactions of Classic Psychedelics,,thomas_2024::chunk::d0df4f624773,thomas_2024::chunk::d0df4f624773
lsd|yopo,yopo,lsd,0,0,0,0,,,,,
maoi_pharma|maoi_pharma,maoi_pharma,maoi_pharma,0,0,0,0,,,,,
maoi_pharma|mdma,maoi_pharma,mdma,10,0,10,4,baldo_2020;lindsey_2012;malcolm_2023;rached_2026,"Ayahuasca and Drug Interaction: The Good, the Bad, and the Soul | Drug Interactions between Common Illicit Drugs and Prescription Therapies | Safety and efficacy of monoamine oxidase inhibitors in patients who use psychoactive substances | The anaesthetist, opioid analgesic drugs, and serotonin toxicity: a mechanistic and clinical review",baldo_2020::chunk::a1af78dffeb0;lindsey_2012::chunk::22a1efbbd284;lindsey_2012::chunk::5157e31148e1;lindsey_2012::chunk::6d1b8e28126d;malcolm_2023::chunk::7bae4d7c0d3d;rached_2026::chunk::89e8183c85b8;rached_2026::chunk::ccb7ce6fdd3e;rached_2026::chunk::e96a887142ce;rached_2026::chunk::f0b8f4bd20a9;rached_2026::chunk::f3935f82299a,,baldo_2020::chunk::a1af78dffeb0;lindsey_2012::chunk::22a1efbbd284;lindsey_2012::chunk::5157e31148e1;lindsey_2012::chunk::6d1b8e28126d;malcolm_2023::chunk::7bae4d7c0d3d;rached_2026::chunk::89e8183c85b8;rached_2026::chunk::ccb7ce6fdd3e;rached_2026::chunk::e96a887142ce;rached_2026::chunk::f0b8f4bd20a9;rached_2026::chunk::f3935f82299a
maoi_pharma|mescaline_peyote,mescaline_peyote,maoi_pharma,0,0,0,0,,,,,
maoi_pharma|methylphenidate,maoi_pharma,methylphenidate,0,0,0,0,,,,,
maoi_pharma|nbome_series,maoi_pharma,nbome_series,0,0,0,0,,,,,
maoi_pharma|ndri_bupropion,maoi_pharma,ndri_bupropion,0,0,0,0,,,,,
maoi_pharma|nn_dmt,nn_dmt,maoi_pharma,30,0,30,5,barnett_2025;malcolm_2023;rached_2026;ruffell_2020;ruffell_2023,"Ayahuasca and Drug Interaction: The Good, the Bad, and the Soul | Ayahuasca: A review of historical, pharmacological, and therapeutic aspects | Hypertensive Emergency Secondary to Combining Psilocybin Mushrooms, Extended Release Dextroamphetamine-Amphetamine, and Tranylcypromine | Safety and efficacy of monoamine oxidase inhibitors in patients who use psychoactive substances | The pharmacological interaction of compounds in ayahuasca: a systematic review",barnett_2025::chunk::757c0ee1256e;malcolm_2023::chunk::699040526153;malcolm_2023::chunk::c4538f807e92;rached_2026::chunk::ccb7ce6fdd3e;ruffell_2020::chunk::01a5376af045;ruffell_2020::chunk::0287aacc6b5c;ruffell_2020::chunk::126e542071d8;ruffell_2020::chunk::20a0626688c3;ruffell_2020::chunk::3dd1f6f3ef53;ruffell_2020::chunk::4c40bc35dfa3;ruffell_2020::chunk::4c580e6cc049;ruffell_2020::chunk::5e73d18c2cdd;ruffell_2020::chunk::64320335010d;ruffell_2020::chunk::6ced3402b1de;ruffell_2020::chunk::6f28479f3ecf;ruffell_2020::chunk::731da928b0a0;ruffell_2020::chunk::96e3e3cc0abb;ruffell_2020::chunk::9ef79e66df4b;ruffell_2020::chunk::b15c0762ccb4;ruffell_2020::chunk::bb600259c5d3;ruffell_2020::chunk::c6009e6820d4;ruffell_2020::chunk::ce6e93e53569;ruffell_2020::chunk::d5390e0d6896;ruffell_2020::chunk::d53e95f1054c;ruffell_2020::chunk::da4cb62ca6d2;ruffell_2020::chunk::ddc0bf461eca;ruffell_2020::chunk::e32c5e70b313;ruffell_2020::chunk::ec9e83519a68;ruffell_2023::chunk::630e92c37e57;ruffell_2023::chunk::a021280a41ca,,barnett_2025::chunk::757c0ee1256e;malcolm_2023::chunk::699040526153;malcolm_2023::chunk::c4538f807e92;rached_2026::chunk::ccb7ce6fdd3e;ruffell_2020::chunk::01a5376af045;ruffell_2020::chunk::0287aacc6b5c;ruffell_2020::chunk::126e542071d8;ruffell_2020::chunk::20a0626688c3;ruffell_2020::chunk::3dd1f6f3ef53;ruffell_2020::chunk::4c40bc35dfa3;ruffell_2020::chunk::4c580e6cc049;ruffell_2020::chunk::5e73d18c2cdd;ruffell_2020::chunk::64320335010d;ruffell_2020::chunk::6ced3402b1de;ruffell_2020::chunk::6f28479f3ecf;ruffell_2020::chunk::731da928b0a0;ruffell_2020::chunk::96e3e3cc0abb;ruffell_2020::chunk::9ef79e66df4b;ruffell_2020::chunk::b15c0762ccb4;ruffell_2020::chunk::bb600259c5d3;ruffell_2020::chunk::c6009e6820d4;ruffell_2020::chunk::ce6e93e53569;ruffell_2020::chunk::d5390e0d6896;ruffell_2020::chunk::d53e95f1054c;ruffell_2020::chunk::da4cb62ca6d2;ruffell_2020::chunk::ddc0bf461eca;ruffell_2020::chunk::e32c5e70b313;ruffell_2020::chunk::ec9e83519a68;ruffell_2023::chunk::630e92c37e57;ruffell_2023::chunk::a021280a41ca
maoi_pharma|psilocybin,psilocybin,maoi_pharma,12,0,12,5,barnett_2025;malcolm_2023;rached_2026;ruffell_2020;ruffell_2023,"Ayahuasca and Drug Interaction: The Good, the Bad, and the Soul | Ayahuasca: A review of historical, pharmacological, and therapeutic aspects | Hypertensive Emergency Secondary to Combining Psilocybin Mushrooms, Extended Release Dextroamphetamine-Amphetamine, and Tranylcypromine | Safety and efficacy of monoamine oxidase inhibitors in patients who use psychoactive substances | The pharmacological interaction of compounds in ayahuasca: a systematic review",barnett_2025::chunk::0de876d321a0;barnett_2025::chunk::225be6350ec5;barnett_2025::chunk::3fcb2ab61e99;barnett_2025::chunk::5120952c05c8;barnett_2025::chunk::5ff382b65270;barnett_2025::chunk::757c0ee1256e;barnett_2025::chunk::fb2770cfab81;malcolm_2023::chunk::699040526153;rached_2026::chunk::f0b8f4bd20a9;ruffell_2020::chunk::ce6e93e53569;ruffell_2020::chunk::ec9e83519a68;ruffell_2023::chunk::a021280a41ca,,barnett_2025::chunk::0de876d321a0;barnett_2025::chunk::225be6350ec5;barnett_2025::chunk::3fcb2ab61e99;barnett_2025::chunk::5120952c05c8;barnett_2025::chunk::5ff382b65270;barnett_2025::chunk::757c0ee1256e;barnett_2025::chunk::fb2770cfab81;malcolm_2023::chunk::699040526153;rached_2026::chunk::f0b8f4bd20a9;ruffell_2020::chunk::ce6e93e53569;ruffell_2020::chunk::ec9e83519a68;ruffell_2023::chunk::a021280a41ca
maoi_pharma|salvia,salvia,maoi_pharma,0,0,0,0,,,,,
maoi_pharma|serotonergic_opioids,maoi_pharma,serotonergic_opioids,12,0,12,5,baldo_2018;baldo_2020;gillman_2023;lindsey_2012;rached_2026,"Drug Interactions between Common Illicit Drugs and Prescription Therapies | Monoamine oxidase inhibitors and clinically relevant drug interactions | Opioid analgesic drugs and serotonin toxicity syndrome_mechanisms animal models and links to clinical effects | Safety and efficacy of monoamine oxidase inhibitors in patients who use psychoactive substances | The anaesthetist, opioid analgesic drugs, and serotonin toxicity: a mechanistic and clinical review",baldo_2018::chunk::de9b605c02e5;baldo_2020::chunk::3729d3886e9c;baldo_2020::chunk::5260debb84cf;baldo_2020::chunk::6a3b7ff29d02;baldo_2020::chunk::a1af78dffeb0;gillman_2023::chunk::bc24ca6a5960;lindsey_2012::chunk::5157e31148e1;rached_2026::chunk::89e8183c85b8;rached_2026::chunk::ccb7ce6fdd3e;rached_2026::chunk::e1501678f2e5;rached_2026::chunk::f0b8f4bd20a9;rached_2026::chunk::f3935f82299a,,baldo_2018::chunk::de9b605c02e5;baldo_2020::chunk::3729d3886e9c;baldo_2020::chunk::5260debb84cf;baldo_2020::chunk::6a3b7ff29d02;baldo_2020::chunk::a1af78dffeb0;gillman_2023::chunk::bc24ca6a5960;lindsey_2012::chunk::5157e31148e1;rached_2026::chunk::89e8183c85b8;rached_2026::chunk::ccb7ce6fdd3e;rached_2026::chunk::e1501678f2e5;rached_2026::chunk::f0b8f4bd20a9;rached_2026::chunk::f3935f82299a
maoi_pharma|snri,snri,maoi_pharma,3,0,3,3,baldo_2018;baldo_2020;gillman_2023,"Monoamine oxidase inhibitors and clinically relevant drug interactions | Opioid analgesic drugs and serotonin toxicity syndrome_mechanisms animal models and links to clinical effects | The anaesthetist, opioid analgesic drugs, and serotonin toxicity: a mechanistic and clinical review",baldo_2018::chunk::de9b605c02e5;baldo_2020::chunk::a1af78dffeb0;gillman_2023::chunk::b6fa99801fd7,,baldo_2018::chunk::de9b605c02e5;baldo_2020::chunk::a1af78dffeb0;gillman_2023::chunk::b6fa99801fd7
maoi_pharma|ssri,ssri,maoi_pharma,9,0,9,6,baldo_2018;baldo_2020;gillman_2023;ken_2024;malcolm_2023;ruffell_2020,"Ayahuasca and Drug Interaction: The Good, the Bad, and the Soul | Monoamine oxidase inhibitors and clinically relevant drug interactions | Opioid analgesic drugs and serotonin toxicity syndrome_mechanisms animal models and links to clinical effects | Pharmacokinetic and Pharmacodynamic Drug Interactions: Insights and Clinical Management | The anaesthetist, opioid analgesic drugs, and serotonin toxicity: a mechanistic and clinical review | The pharmacological interaction of compounds in ayahuasca: a systematic review",baldo_2018::chunk::de9b605c02e5;baldo_2020::chunk::a1af78dffeb0;gillman_2023::chunk::8cafd6573427;gillman_2023::chunk::b6fa99801fd7;ken_2024::chunk::8e34cc65f4fe;ken_2024::chunk::8fa2d1cfb2bb;malcolm_2023::chunk::7bae4d7c0d3d;ruffell_2020::chunk::6f28479f3ecf;ruffell_2020::chunk::9ef79e66df4b,,baldo_2018::chunk::de9b605c02e5;baldo_2020::chunk::a1af78dffeb0;gillman_2023::chunk::8cafd6573427;gillman_2023::chunk::b6fa99801fd7;ken_2024::chunk::8e34cc65f4fe;ken_2024::chunk::8fa2d1cfb2bb;malcolm_2023::chunk::7bae4d7c0d3d;ruffell_2020::chunk::6f28479f3ecf;ruffell_2020::chunk::9ef79e66df4b
maoi_pharma|tobacco_rape,tobacco_rape,maoi_pharma,3,0,3,1,rached_2026,Safety and efficacy of monoamine oxidase inhibitors in patients who use psychoactive substances,rached_2026::chunk::89e8183c85b8;rached_2026::chunk::e1501678f2e5;rached_2026::chunk::f3935f82299a,,rached_2026::chunk::89e8183c85b8;rached_2026::chunk::e1501678f2e5;rached_2026::chunk::f3935f82299a
maoi_pharma|tricyclic_ad,tricyclic_ad,maoi_pharma,4,0,4,4,baldo_2018;baldo_2020;gillman_2023;thomas_2024,"Monoamine oxidase inhibitors and clinically relevant drug interactions | Opioid analgesic drugs and serotonin toxicity syndrome_mechanisms animal models and links to clinical effects | The anaesthetist, opioid analgesic drugs, and serotonin toxicity: a mechanistic and clinical review | Toxicology and Pharmacological Interactions of Classic Psychedelics",baldo_2018::chunk::de9b605c02e5;baldo_2020::chunk::a1af78dffeb0;gillman_2023::chunk::84bf27829823;thomas_2024::chunk::70c648b79adc,,baldo_2018::chunk::de9b605c02e5;baldo_2020::chunk::a1af78dffeb0;gillman_2023::chunk::84bf27829823;thomas_2024::chunk::70c648b79adc
maoi_pharma|two_c_x,maoi_pharma,two_c_x,1,0,1,1,rached_2026,Safety and efficacy of monoamine oxidase inhibitors in patients who use psychoactive substances,rached_2026::chunk::ccb7ce6fdd3e,,rached_2026::chunk::ccb7ce6fdd3e
maoi_pharma|yopo,yopo,maoi_pharma,0,0,0,0,,,,,
mdma|mdma,mdma,mdma,0,0,0,0,,,,,
mdma|mescaline_peyote,mescaline_peyote,mdma,1,0,1,1,halman_2024,Drug-drug interactions involving classic psychedelics: A systematic review,halman_2024::chunk::6d291e0046ea,,halman_2024::chunk::6d291e0046ea
mdma|methylphenidate,methylphenidate,mdma,19,0,19,2,schmid_2014;schmid_2015_b,Differential effects of MDMA and methylphenidate on social cognition | Effects of methylphenidate and MDMA on appraisal of erotic stimuli and intimate relationships,schmid_2014::chunk::0765a71d7148;schmid_2014::chunk::088452626a89;schmid_2014::chunk::0b0f6ab78d28;schmid_2014::chunk::5511d34a3860;schmid_2014::chunk::5df62a030915;schmid_2014::chunk::752af6738475;schmid_2014::chunk::8c8d6c94ad1f;schmid_2014::chunk::937fa7bfdecc;schmid_2014::chunk::a153e17dd1db;schmid_2014::chunk::acc56c9bf548;schmid_2014::chunk::de85d5d1d0c5;schmid_2015_b::chunk::10c49ff05ac8;schmid_2015_b::chunk::1b6794762282;schmid_2015_b::chunk::2a7bf5c4bf2d;schmid_2015_b::chunk::6873aab21a8b;schmid_2015_b::chunk::9e982d082826;schmid_2015_b::chunk::ee9cc8b97e77;schmid_2015_b::chunk::ef8c18e9d99d;schmid_2015_b::chunk::fdba8df8ad8e,,schmid_2014::chunk::0765a71d7148;schmid_2014::chunk::088452626a89;schmid_2014::chunk::0b0f6ab78d28;schmid_2014::chunk::5511d34a3860;schmid_2014::chunk::5df62a030915;schmid_2014::chunk::752af6738475;schmid_2014::chunk::8c8d6c94ad1f;schmid_2014::chunk::937fa7bfdecc;schmid_2014::chunk::a153e17dd1db;schmid_2014::chunk::acc56c9bf548;schmid_2014::chunk::de85d5d1d0c5;schmid_2015_b::chunk::10c49ff05ac8;schmid_2015_b::chunk::1b6794762282;schmid_2015_b::chunk::2a7bf5c4bf2d;schmid_2015_b::chunk::6873aab21a8b;schmid_2015_b::chunk::9e982d082826;schmid_2015_b::chunk::ee9cc8b97e77;schmid_2015_b::chunk::ef8c18e9d99d;schmid_2015_b::chunk::fdba8df8ad8e
mdma|nbome_series,mdma,nbome_series,0,0,0,0,,,,,
mdma|ndri_bupropion,ndri_bupropion,mdma,9,0,9,2,cohen_2021;schmid_2015_a,"Concomitant drugs associated with increased mortality for MDMA users reported in a drug safety surveillance database | Interactions between bupropion and 3,4-methylenedioxymethamphetamine in healthy subjects",cohen_2021::chunk::bbefec5b8cb7;schmid_2015_a::chunk::22f5bc0a0d18;schmid_2015_a::chunk::2a1259f8aec0;schmid_2015_a::chunk::73358ed6c227;schmid_2015_a::chunk::866c37705bb2;schmid_2015_a::chunk::8f5f534fd6df;schmid_2015_a::chunk::aeecc090f12c;schmid_2015_a::chunk::c1e9a620c47e;schmid_2015_a::chunk::dd0b427ffa75,,cohen_2021::chunk::bbefec5b8cb7;schmid_2015_a::chunk::22f5bc0a0d18;schmid_2015_a::chunk::2a1259f8aec0;schmid_2015_a::chunk::73358ed6c227;schmid_2015_a::chunk::866c37705bb2;schmid_2015_a::chunk::8f5f534fd6df;schmid_2015_a::chunk::aeecc090f12c;schmid_2015_a::chunk::c1e9a620c47e;schmid_2015_a::chunk::dd0b427ffa75
mdma|nn_dmt,nn_dmt,mdma,1,0,1,1,halman_2024,Drug-drug interactions involving classic psychedelics: A systematic review,halman_2024::chunk::6d291e0046ea,,halman_2024::chunk::6d291e0046ea
mdma|psilocybin,psilocybin,mdma,4,0,4,3,halman_2024;rached_2026;sarparast_2022,Drug-drug interactions between psychiatric medications and MDMA or psilocybin | Drug-drug interactions involving classic psychedelics: A systematic review | Safety and efficacy of monoamine oxidase inhibitors in patients who use psychoactive substances,halman_2024::chunk::6d291e0046ea;rached_2026::chunk::f0b8f4bd20a9;sarparast_2022::chunk::815c015c1a8b;sarparast_2022::chunk::9e324cb4543a,,halman_2024::chunk::6d291e0046ea;rached_2026::chunk::f0b8f4bd20a9;sarparast_2022::chunk::815c015c1a8b;sarparast_2022::chunk::9e324cb4543a
mdma|salvia,salvia,mdma,1,0,1,1,feulner_2023,Efficacy and Safety of Psychedelics in Treating Anxiety Disorders,feulner_2023::chunk::f6e63c56cfa8,,feulner_2023::chunk::f6e63c56cfa8
mdma|serotonergic_opioids,mdma,serotonergic_opioids,9,0,9,4,baldo_2020;cohen_2021;lindsey_2012;rached_2026,"Concomitant drugs associated with increased mortality for MDMA users reported in a drug safety surveillance database | Drug Interactions between Common Illicit Drugs and Prescription Therapies | Safety and efficacy of monoamine oxidase inhibitors in patients who use psychoactive substances | The anaesthetist, opioid analgesic drugs, and serotonin toxicity: a mechanistic and clinical review",baldo_2020::chunk::a1af78dffeb0;cohen_2021::chunk::1b2594e40fd7;cohen_2021::chunk::1fbe6f25d058;cohen_2021::chunk::68ad620e4828;cohen_2021::chunk::8c64ba24dd65;cohen_2021::chunk::bbefec5b8cb7;lindsey_2012::chunk::5157e31148e1;rached_2026::chunk::89e8183c85b8;rached_2026::chunk::f0b8f4bd20a9,,baldo_2020::chunk::a1af78dffeb0;cohen_2021::chunk::1b2594e40fd7;cohen_2021::chunk::1fbe6f25d058;cohen_2021::chunk::68ad620e4828;cohen_2021::chunk::8c64ba24dd65;cohen_2021::chunk::bbefec5b8cb7;lindsey_2012::chunk::5157e31148e1;rached_2026::chunk::89e8183c85b8;rached_2026::chunk::f0b8f4bd20a9
mdma|snri,snri,mdma,4,0,4,3,baldo_2020;cohen_2021;gillman_2023,"Concomitant drugs associated with increased mortality for MDMA users reported in a drug safety surveillance database | Monoamine oxidase inhibitors and clinically relevant drug interactions | The anaesthetist, opioid analgesic drugs, and serotonin toxicity: a mechanistic and clinical review",baldo_2020::chunk::a1af78dffeb0;cohen_2021::chunk::7ccc099822df;cohen_2021::chunk::bbefec5b8cb7;gillman_2023::chunk::d953fa38150f,,baldo_2020::chunk::a1af78dffeb0;cohen_2021::chunk::7ccc099822df;cohen_2021::chunk::bbefec5b8cb7;gillman_2023::chunk::d953fa38150f
mdma|ssri,ssri,mdma,8,0,8,6,baldo_2020;cohen_2021;gillman_2023;liechti_2014;malcolm_2023;sarparast_2022,"Ayahuasca and Drug Interaction: The Good, the Bad, and the Soul | Concomitant drugs associated with increased mortality for MDMA users reported in a drug safety surveillance database | Drug-drug interactions between psychiatric medications and MDMA or psilocybin | Effects of MDMA on body temperature in humans | Monoamine oxidase inhibitors and clinically relevant drug interactions | The anaesthetist, opioid analgesic drugs, and serotonin toxicity: a mechanistic and clinical review",baldo_2020::chunk::a1af78dffeb0;cohen_2021::chunk::7ccc099822df;cohen_2021::chunk::bbefec5b8cb7;gillman_2023::chunk::d953fa38150f;liechti_2014::chunk::cd95581ced7b;malcolm_2023::chunk::7bae4d7c0d3d;sarparast_2022::chunk::815c015c1a8b;sarparast_2022::chunk::e6feefdf4288,,baldo_2020::chunk::a1af78dffeb0;cohen_2021::chunk::7ccc099822df;cohen_2021::chunk::bbefec5b8cb7;gillman_2023::chunk::d953fa38150f;liechti_2014::chunk::cd95581ced7b;malcolm_2023::chunk::7bae4d7c0d3d;sarparast_2022::chunk::815c015c1a8b;sarparast_2022::chunk::e6feefdf4288
mdma|tobacco_rape,tobacco_rape,mdma,2,0,2,2,cohen_2021;rached_2026,Concomitant drugs associated with increased mortality for MDMA users reported in a drug safety surveillance database | Safety and efficacy of monoamine oxidase inhibitors in patients who use psychoactive substances,cohen_2021::chunk::1fbe6f25d058;rached_2026::chunk::89e8183c85b8,,cohen_2021::chunk::1fbe6f25d058;rached_2026::chunk::89e8183c85b8
mdma|tricyclic_ad,tricyclic_ad,mdma,2,0,2,2,baldo_2020;cohen_2021,"Concomitant drugs associated with increased mortality for MDMA users reported in a drug safety surveillance database | The anaesthetist, opioid analgesic drugs, and serotonin toxicity: a mechanistic and clinical review",baldo_2020::chunk::a1af78dffeb0;cohen_2021::chunk::7ccc099822df,,baldo_2020::chunk::a1af78dffeb0;cohen_2021::chunk::7ccc099822df
mdma|two_c_x,mdma,two_c_x,0,0,0,0,,,,,
mdma|yopo,yopo,mdma,0,0,0,0,,,,,
mescaline_peyote|mescaline_peyote,mescaline_peyote,mescaline_peyote,0,0,0,0,,,,,
mescaline_peyote|methylphenidate,mescaline_peyote,methylphenidate,0,0,0,0,,,,,
mescaline_peyote|nbome_series,mescaline_peyote,nbome_series,0,1,1,1,thomas_2024,Toxicology and Pharmacological Interactions of Classic Psychedelics,,thomas_2024::chunk::d0df4f624773,thomas_2024::chunk::d0df4f624773
mescaline_peyote|ndri_bupropion,mescaline_peyote,ndri_bupropion,0,0,0,0,,,,,
mescaline_peyote|nn_dmt,nn_dmt,mescaline_peyote,9,1,10,3,halman_2024;thomas_2024;wojtas_2022,"Drug-drug interactions involving classic psychedelics: A systematic review | Effect of psilocybin and ketamine on brain neurotransmitters, glutamate receptors, DNA and rat behaviour | Toxicology and Pharmacological Interactions of Classic Psychedelics",halman_2024::chunk::567a1313706a;halman_2024::chunk::6d291e0046ea;halman_2024::chunk::79ddc2cb2eb8;halman_2024::chunk::93a8537b1ff6;halman_2024::chunk::a5d65fadbebc;halman_2024::chunk::dfd1bb7a18b8;halman_2024::chunk::e5b84c172cc9;halman_2024::chunk::e7863b8670d9;wojtas_2022::chunk::96dbc7d3cf09,thomas_2024::chunk::d0df4f624773,halman_2024::chunk::567a1313706a;halman_2024::chunk::6d291e0046ea;halman_2024::chunk::79ddc2cb2eb8;halman_2024::chunk::93a8537b1ff6;halman_2024::chunk::a5d65fadbebc;halman_2024::chunk::dfd1bb7a18b8;halman_2024::chunk::e5b84c172cc9;halman_2024::chunk::e7863b8670d9;thomas_2024::chunk::d0df4f624773;wojtas_2022::chunk::96dbc7d3cf09
mescaline_peyote|psilocybin,psilocybin,mescaline_peyote,9,1,10,3,halman_2024;thomas_2024;wojtas_2022,"Drug-drug interactions involving classic psychedelics: A systematic review | Effect of psilocybin and ketamine on brain neurotransmitters, glutamate receptors, DNA and rat behaviour | Toxicology and Pharmacological Interactions of Classic Psychedelics",halman_2024::chunk::567a1313706a;halman_2024::chunk::6d291e0046ea;halman_2024::chunk::79ddc2cb2eb8;halman_2024::chunk::93a8537b1ff6;halman_2024::chunk::a5d65fadbebc;halman_2024::chunk::dfd1bb7a18b8;halman_2024::chunk::e7863b8670d9;halman_2024::chunk::f41a3fdca9f7;wojtas_2022::chunk::96dbc7d3cf09,thomas_2024::chunk::d0df4f624773,halman_2024::chunk::567a1313706a;halman_2024::chunk::6d291e0046ea;halman_2024::chunk::79ddc2cb2eb8;halman_2024::chunk::93a8537b1ff6;halman_2024::chunk::a5d65fadbebc;halman_2024::chunk::dfd1bb7a18b8;halman_2024::chunk::e7863b8670d9;halman_2024::chunk::f41a3fdca9f7;thomas_2024::chunk::d0df4f624773;wojtas_2022::chunk::96dbc7d3cf09
mescaline_peyote|salvia,mescaline_peyote,salvia,0,0,0,0,,,,,
mescaline_peyote|serotonergic_opioids,mescaline_peyote,serotonergic_opioids,0,0,0,0,,,,,
mescaline_peyote|snri,mescaline_peyote,snri,0,0,0,0,,,,,
mescaline_peyote|ssri,mescaline_peyote,ssri,0,0,0,0,,,,,
mescaline_peyote|tobacco_rape,mescaline_peyote,tobacco_rape,0,0,0,0,,,,,
mescaline_peyote|tricyclic_ad,mescaline_peyote,tricyclic_ad,0,0,0,0,,,,,
mescaline_peyote|two_c_x,mescaline_peyote,two_c_x,0,1,1,1,thomas_2024,Toxicology and Pharmacological Interactions of Classic Psychedelics,,thomas_2024::chunk::d0df4f624773,thomas_2024::chunk::d0df4f624773
mescaline_peyote|yopo,mescaline_peyote,yopo,0,0,0,0,,,,,
methylphenidate|methylphenidate,methylphenidate,methylphenidate,0,0,0,0,,,,,
methylphenidate|nbome_series,methylphenidate,nbome_series,0,0,0,0,,,,,
methylphenidate|ndri_bupropion,ndri_bupropion,methylphenidate,1,0,1,1,schmid_2015_a,"Interactions between bupropion and 3,4-methylenedioxymethamphetamine in healthy subjects",schmid_2015_a::chunk::29ac513e18cf,,schmid_2015_a::chunk::29ac513e18cf
methylphenidate|nn_dmt,nn_dmt,methylphenidate,0,0,0,0,,,,,
methylphenidate|psilocybin,psilocybin,methylphenidate,0,0,0,0,,,,,
methylphenidate|salvia,salvia,methylphenidate,0,0,0,0,,,,,
methylphenidate|serotonergic_opioids,methylphenidate,serotonergic_opioids,0,0,0,0,,,,,
methylphenidate|snri,snri,methylphenidate,0,0,0,0,,,,,
methylphenidate|ssri,ssri,methylphenidate,0,0,0,0,,,,,
methylphenidate|tobacco_rape,tobacco_rape,methylphenidate,0,0,0,0,,,,,
methylphenidate|tricyclic_ad,tricyclic_ad,methylphenidate,0,0,0,0,,,,,
methylphenidate|two_c_x,methylphenidate,two_c_x,0,0,0,0,,,,,
methylphenidate|yopo,yopo,methylphenidate,0,0,0,0,,,,,
nbome_series|nbome_series,nbome_series,nbome_series,0,0,0,0,,,,,
nbome_series|ndri_bupropion,ndri_bupropion,nbome_series,0,0,0,0,,,,,
nbome_series|nn_dmt,nn_dmt,nbome_series,0,1,1,1,thomas_2024,Toxicology and Pharmacological Interactions of Classic Psychedelics,,thomas_2024::chunk::d0df4f624773,thomas_2024::chunk::d0df4f624773
nbome_series|psilocybin,psilocybin,nbome_series,0,1,1,1,thomas_2024,Toxicology and Pharmacological Interactions of Classic Psychedelics,,thomas_2024::chunk::d0df4f624773,thomas_2024::chunk::d0df4f624773
nbome_series|salvia,salvia,nbome_series,0,0,0,0,,,,,
nbome_series|serotonergic_opioids,nbome_series,serotonergic_opioids,0,0,0,0,,,,,
nbome_series|snri,snri,nbome_series,0,0,0,0,,,,,
nbome_series|ssri,ssri,nbome_series,0,0,0,0,,,,,
nbome_series|tobacco_rape,tobacco_rape,nbome_series,0,0,0,0,,,,,
nbome_series|tricyclic_ad,tricyclic_ad,nbome_series,0,0,0,0,,,,,
nbome_series|two_c_x,two_c_x,nbome_series,0,1,1,1,thomas_2024,Toxicology and Pharmacological Interactions of Classic Psychedelics,,thomas_2024::chunk::d0df4f624773,thomas_2024::chunk::d0df4f624773
nbome_series|yopo,yopo,nbome_series,0,0,0,0,,,,,
ndri_bupropion|ndri_bupropion,ndri_bupropion,ndri_bupropion,0,0,0,0,,,,,
ndri_bupropion|nn_dmt,nn_dmt,ndri_bupropion,0,0,0,0,,,,,
ndri_bupropion|psilocybin,psilocybin,ndri_bupropion,0,0,0,0,,,,,
ndri_bupropion|salvia,salvia,ndri_bupropion,0,0,0,0,,,,,
ndri_bupropion|serotonergic_opioids,ndri_bupropion,serotonergic_opioids,1,0,1,1,cohen_2021,Concomitant drugs associated with increased mortality for MDMA users reported in a drug safety surveillance database,cohen_2021::chunk::bbefec5b8cb7,,cohen_2021::chunk::bbefec5b8cb7
ndri_bupropion|snri,snri,ndri_bupropion,1,0,1,1,cohen_2021,Concomitant drugs associated with increased mortality for MDMA users reported in a drug safety surveillance database,cohen_2021::chunk::bbefec5b8cb7,,cohen_2021::chunk::bbefec5b8cb7
ndri_bupropion|ssri,ssri,ndri_bupropion,1,0,1,1,cohen_2021,Concomitant drugs associated with increased mortality for MDMA users reported in a drug safety surveillance database,cohen_2021::chunk::bbefec5b8cb7,,cohen_2021::chunk::bbefec5b8cb7
ndri_bupropion|tobacco_rape,tobacco_rape,ndri_bupropion,0,0,0,0,,,,,
ndri_bupropion|tricyclic_ad,tricyclic_ad,ndri_bupropion,0,0,0,0,,,,,
ndri_bupropion|two_c_x,ndri_bupropion,two_c_x,0,0,0,0,,,,,
ndri_bupropion|yopo,yopo,ndri_bupropion,0,0,0,0,,,,,
nn_dmt|nn_dmt,nn_dmt,nn_dmt,0,0,0,0,,,,,
nn_dmt|psilocybin,psilocybin,nn_dmt,15,1,16,7,barnett_2025;halman_2024;malcolm_2023;ruffell_2020;ruffell_2023;thomas_2024;wojtas_2022,"Ayahuasca and Drug Interaction: The Good, the Bad, and the Soul | Ayahuasca: A review of historical, pharmacological, and therapeutic aspects | Drug-drug interactions involving classic psychedelics: A systematic review | Effect of psilocybin and ketamine on brain neurotransmitters, glutamate receptors, DNA and rat behaviour | Hypertensive Emergency Secondary to Combining Psilocybin Mushrooms, Extended Release Dextroamphetamine-Amphetamine, and Tranylcypromine | The pharmacological interaction of compounds in ayahuasca: a systematic review | Toxicology and Pharmacological Interactions of Classic Psychedelics",barnett_2025::chunk::757c0ee1256e;halman_2024::chunk::567a1313706a;halman_2024::chunk::6d291e0046ea;halman_2024::chunk::79ddc2cb2eb8;halman_2024::chunk::93a8537b1ff6;halman_2024::chunk::a5d65fadbebc;halman_2024::chunk::dfd1bb7a18b8;halman_2024::chunk::e7863b8670d9;malcolm_2023::chunk::699040526153;ruffell_2020::chunk::0fc73990896b;ruffell_2020::chunk::5bb8963b5b05;ruffell_2020::chunk::ce6e93e53569;ruffell_2020::chunk::ec9e83519a68;ruffell_2023::chunk::a021280a41ca;wojtas_2022::chunk::96dbc7d3cf09,thomas_2024::chunk::d0df4f624773,barnett_2025::chunk::757c0ee1256e;halman_2024::chunk::567a1313706a;halman_2024::chunk::6d291e0046ea;halman_2024::chunk::79ddc2cb2eb8;halman_2024::chunk::93a8537b1ff6;halman_2024::chunk::a5d65fadbebc;halman_2024::chunk::dfd1bb7a18b8;halman_2024::chunk::e7863b8670d9;malcolm_2023::chunk::699040526153;ruffell_2020::chunk::0fc73990896b;ruffell_2020::chunk::5bb8963b5b05;ruffell_2020::chunk::ce6e93e53569;ruffell_2020::chunk::ec9e83519a68;ruffell_2023::chunk::a021280a41ca;thomas_2024::chunk::d0df4f624773;wojtas_2022::chunk::96dbc7d3cf09
nn_dmt|salvia,nn_dmt,salvia,0,0,0,0,,,,,
nn_dmt|serotonergic_opioids,nn_dmt,serotonergic_opioids,0,0,0,0,,,,,
nn_dmt|snri,nn_dmt,snri,0,0,0,0,,,,,
nn_dmt|ssri,nn_dmt,ssri,2,0,2,1,ruffell_2020,The pharmacological interaction of compounds in ayahuasca: a systematic review,ruffell_2020::chunk::6f28479f3ecf;ruffell_2020::chunk::9ef79e66df4b,,ruffell_2020::chunk::6f28479f3ecf;ruffell_2020::chunk::9ef79e66df4b
nn_dmt|tobacco_rape,nn_dmt,tobacco_rape,0,0,0,0,,,,,
nn_dmt|tricyclic_ad,nn_dmt,tricyclic_ad,0,0,0,0,,,,,
nn_dmt|two_c_x,nn_dmt,two_c_x,0,1,1,1,thomas_2024,Toxicology and Pharmacological Interactions of Classic Psychedelics,,thomas_2024::chunk::d0df4f624773,thomas_2024::chunk::d0df4f624773
nn_dmt|yopo,nn_dmt,yopo,0,0,0,0,,,,,
psilocybin|psilocybin,psilocybin,psilocybin,0,0,0,0,,,,,
psilocybin|salvia,psilocybin,salvia,0,0,0,0,,,,,
psilocybin|serotonergic_opioids,psilocybin,serotonergic_opioids,1,0,1,1,rached_2026,Safety and efficacy of monoamine oxidase inhibitors in patients who use psychoactive substances,rached_2026::chunk::f0b8f4bd20a9,,rached_2026::chunk::f0b8f4bd20a9
psilocybin|snri,psilocybin,snri,1,0,1,1,gukasyan_2023,Attenuation of psilocybin mushroom effects during and after SSRI/SNRI antidepressant use,gukasyan_2023::chunk::456bf3de78cb,,gukasyan_2023::chunk::456bf3de78cb
psilocybin|ssri,psilocybin,ssri,5,0,5,3,gukasyan_2023;sarparast_2022;thomas_2024,Attenuation of psilocybin mushroom effects during and after SSRI/SNRI antidepressant use | Drug-drug interactions between psychiatric medications and MDMA or psilocybin | Toxicology and Pharmacological Interactions of Classic Psychedelics,gukasyan_2023::chunk::456bf3de78cb;gukasyan_2023::chunk::f0e2c875bf32;sarparast_2022::chunk::815c015c1a8b;sarparast_2022::chunk::e6feefdf4288;thomas_2024::chunk::0dc8a69bc4a3,,gukasyan_2023::chunk::456bf3de78cb;gukasyan_2023::chunk::f0e2c875bf32;sarparast_2022::chunk::815c015c1a8b;sarparast_2022::chunk::e6feefdf4288;thomas_2024::chunk::0dc8a69bc4a3
psilocybin|tobacco_rape,psilocybin,tobacco_rape,0,0,0,0,,,,,
psilocybin|tricyclic_ad,psilocybin,tricyclic_ad,0,0,0,0,,,,,
psilocybin|two_c_x,psilocybin,two_c_x,0,1,1,1,thomas_2024,Toxicology and Pharmacological Interactions of Classic Psychedelics,,thomas_2024::chunk::d0df4f624773,thomas_2024::chunk::d0df4f624773
psilocybin|yopo,psilocybin,yopo,0,0,0,0,,,,,
salvia|salvia,salvia,salvia,0,0,0,0,,,,,
salvia|serotonergic_opioids,salvia,serotonergic_opioids,0,0,0,0,,,,,
salvia|snri,salvia,snri,0,0,0,0,,,,,
salvia|ssri,salvia,ssri,0,0,0,0,,,,,
salvia|tobacco_rape,salvia,tobacco_rape,0,0,0,0,,,,,
salvia|tricyclic_ad,salvia,tricyclic_ad,0,0,0,0,,,,,
salvia|two_c_x,salvia,two_c_x,0,0,0,0,,,,,
salvia|yopo,yopo,salvia,0,0,0,0,,,,,
serotonergic_opioids|serotonergic_opioids,serotonergic_opioids,serotonergic_opioids,0,0,0,0,,,,,
serotonergic_opioids|snri,snri,serotonergic_opioids,3,0,3,3,baldo_2018;baldo_2020;cohen_2021,"Concomitant drugs associated with increased mortality for MDMA users reported in a drug safety surveillance database | Opioid analgesic drugs and serotonin toxicity syndrome_mechanisms animal models and links to clinical effects | The anaesthetist, opioid analgesic drugs, and serotonin toxicity: a mechanistic and clinical review",baldo_2018::chunk::de9b605c02e5;baldo_2020::chunk::a1af78dffeb0;cohen_2021::chunk::bbefec5b8cb7,,baldo_2018::chunk::de9b605c02e5;baldo_2020::chunk::a1af78dffeb0;cohen_2021::chunk::bbefec5b8cb7
serotonergic_opioids|ssri,ssri,serotonergic_opioids,5,0,5,3,baldo_2018;baldo_2020;cohen_2021,"Concomitant drugs associated with increased mortality for MDMA users reported in a drug safety surveillance database | Opioid analgesic drugs and serotonin toxicity syndrome_mechanisms animal models and links to clinical effects | The anaesthetist, opioid analgesic drugs, and serotonin toxicity: a mechanistic and clinical review",baldo_2018::chunk::1e917052d16f;baldo_2018::chunk::de9b605c02e5;baldo_2020::chunk::4530528ab305;baldo_2020::chunk::a1af78dffeb0;cohen_2021::chunk::bbefec5b8cb7,,baldo_2018::chunk::1e917052d16f;baldo_2018::chunk::de9b605c02e5;baldo_2020::chunk::4530528ab305;baldo_2020::chunk::a1af78dffeb0;cohen_2021::chunk::bbefec5b8cb7
serotonergic_opioids|tobacco_rape,tobacco_rape,serotonergic_opioids,3,0,3,3,cohen_2021;knuijver_2024;rached_2026,Concomitant drugs associated with increased mortality for MDMA users reported in a drug safety surveillance database | Safety and efficacy of monoamine oxidase inhibitors in patients who use psychoactive substances | The pharmacokinetics and pharmacodynamics of ibogaine in opioid use disorder patients,cohen_2021::chunk::1fbe6f25d058;knuijver_2024::chunk::5e66aea02609;rached_2026::chunk::89e8183c85b8,,cohen_2021::chunk::1fbe6f25d058;knuijver_2024::chunk::5e66aea02609;rached_2026::chunk::89e8183c85b8
serotonergic_opioids|tricyclic_ad,tricyclic_ad,serotonergic_opioids,2,0,2,2,baldo_2018;baldo_2020,"Opioid analgesic drugs and serotonin toxicity syndrome_mechanisms animal models and links to clinical effects | The anaesthetist, opioid analgesic drugs, and serotonin toxicity: a mechanistic and clinical review",baldo_2018::chunk::de9b605c02e5;baldo_2020::chunk::a1af78dffeb0,,baldo_2018::chunk::de9b605c02e5;baldo_2020::chunk::a1af78dffeb0
serotonergic_opioids|two_c_x,two_c_x,serotonergic_opioids,0,0,0,0,,,,,
serotonergic_opioids|yopo,yopo,serotonergic_opioids,0,0,0,0,,,,,
snri|snri,snri,snri,0,0,0,0,,,,,
snri|ssri,ssri,snri,7,0,7,5,baldo_2018;baldo_2020;cohen_2021;gillman_2023;gukasyan_2023,"Attenuation of psilocybin mushroom effects during and after SSRI/SNRI antidepressant use | Concomitant drugs associated with increased mortality for MDMA users reported in a drug safety surveillance database | Monoamine oxidase inhibitors and clinically relevant drug interactions | Opioid analgesic drugs and serotonin toxicity syndrome_mechanisms animal models and links to clinical effects | The anaesthetist, opioid analgesic drugs, and serotonin toxicity: a mechanistic and clinical review",baldo_2018::chunk::de9b605c02e5;baldo_2020::chunk::a1af78dffeb0;cohen_2021::chunk::7ccc099822df;cohen_2021::chunk::bbefec5b8cb7;gillman_2023::chunk::b6fa99801fd7;gillman_2023::chunk::d953fa38150f;gukasyan_2023::chunk::456bf3de78cb,,baldo_2018::chunk::de9b605c02e5;baldo_2020::chunk::a1af78dffeb0;cohen_2021::chunk::7ccc099822df;cohen_2021::chunk::bbefec5b8cb7;gillman_2023::chunk::b6fa99801fd7;gillman_2023::chunk::d953fa38150f;gukasyan_2023::chunk::456bf3de78cb
snri|tobacco_rape,tobacco_rape,snri,0,0,0,0,,,,,
snri|tricyclic_ad,snri,tricyclic_ad,3,0,3,3,baldo_2018;baldo_2020;cohen_2021,"Concomitant drugs associated with increased mortality for MDMA users reported in a drug safety surveillance database | Opioid analgesic drugs and serotonin toxicity syndrome_mechanisms animal models and links to clinical effects | The anaesthetist, opioid analgesic drugs, and serotonin toxicity: a mechanistic and clinical review",baldo_2018::chunk::de9b605c02e5;baldo_2020::chunk::a1af78dffeb0;cohen_2021::chunk::7ccc099822df,,baldo_2018::chunk::de9b605c02e5;baldo_2020::chunk::a1af78dffeb0;cohen_2021::chunk::7ccc099822df
snri|two_c_x,snri,two_c_x,0,0,0,0,,,,,
snri|yopo,yopo,snri,0,0,0,0,,,,,
ssri|ssri,ssri,ssri,0,0,0,0,,,,,
ssri|tobacco_rape,tobacco_rape,ssri,0,0,0,0,,,,,
ssri|tricyclic_ad,ssri,tricyclic_ad,3,0,3,3,baldo_2018;baldo_2020;cohen_2021,"Concomitant drugs associated with increased mortality for MDMA users reported in a drug safety surveillance database | Opioid analgesic drugs and serotonin toxicity syndrome_mechanisms animal models and links to clinical effects | The anaesthetist, opioid analgesic drugs, and serotonin toxicity: a mechanistic and clinical review",baldo_2018::chunk::de9b605c02e5;baldo_2020::chunk::a1af78dffeb0;cohen_2021::chunk::7ccc099822df,,baldo_2018::chunk::de9b605c02e5;baldo_2020::chunk::a1af78dffeb0;cohen_2021::chunk::7ccc099822df
ssri|two_c_x,ssri,two_c_x,0,0,0,0,,,,,
ssri|yopo,yopo,ssri,0,0,0,0,,,,,
tobacco_rape|tobacco_rape,tobacco_rape,tobacco_rape,0,0,0,0,,,,,
tobacco_rape|tricyclic_ad,tobacco_rape,tricyclic_ad,0,0,0,0,,,,,
tobacco_rape|two_c_x,tobacco_rape,two_c_x,0,0,0,0,,,,,
tobacco_rape|yopo,yopo,tobacco_rape,0,0,0,0,,,,,
tricyclic_ad|tricyclic_ad,tricyclic_ad,tricyclic_ad,0,0,0,0,,,,,
tricyclic_ad|two_c_x,tricyclic_ad,two_c_x,0,0,0,0,,,,,
tricyclic_ad|yopo,yopo,tricyclic_ad,0,0,0,0,,,,,
two_c_x|two_c_x,two_c_x,two_c_x,0,0,0,0,,,,,
two_c_x|yopo,yopo,two_c_x,0,0,0,0,,,,,
yopo|yopo,yopo,yopo,0,0,0,0,,,,,
